protein_id,study,class,cluster30,split_group
7d86_A,A,Zn,22749,22749
6kfs_A,A,Zn,28226,28226
7pab_C,A,Zn,18327,18327
3iuf_A,A,Zn,76992,76992
1ia9_A,A,Zn,8395,8395
2cc0_A,A,Zn,5088,5088
2yr2_B,A,Zn,20506,20506
7dn6_A,A,Zn,2293,2293
5whg_A,A,Zn,39953,39953
3rfn_A,A,Zn,44878,44878
6tvk_AAA,A,Zn,223211,223211
5dag_A,A,Zn,17104,17104
4ilo_A,A,Zn,189332,189332
2wxu_A,A,Zn,13031,13031
6j0d_A,A,Zn,32208,32208
7ae5_a,A,Zn,41650,41650
6sym_A,A,Zn,2600,2600
2f3b_A,A,Zn,1579,1579
4u08_A,A,Zn,19397,19397
7mnr_B,A,Zn,3020,3020
8rp6_AAA,A,Zn,779,779
5ywr_B,A,Zn,15305,15305
2anu_A,A,Zn,173077,173077
3tc8_A,A,Zn,22392,22392
2v9k_A,A,Zn,14836,14836
6twm_A,A,Zn,32502,32502
5b2o_A,A,Zn,17385,17385
1rk6_A,A,Zn,10712,10712
3t3w_B,A,Zn,40184,40184
4cn9_A,A,Zn,56157,56157
4ybb_D5,A,Zn,87,87
1py2_B,A,Zn,3128,3128
5w83_B,A,Zn,854,854
7m3k_A,A,Zn,11760,11760
7pva_C,A,Zn,21878,21878
3u6p_A,A,Zn,277,277
4xba_B,A,Zn,20782,20782
4bn4_A,A,Zn,3800,3800
5m3k_B,A,Zn,36048,36048
3e2i_A,A,Zn,5711,5711
5xwd_H,A,Zn,4514,4514
6jf8_C,A,Zn,16481,16481
4ruw_A,A,Zn,251463,251463
3byr_A,A,Zn,57520,57520
4mn5_A,A,Zn,5914,5914
2cbi_B,A,Zn,8398,8398
4u4r_d6,A,Zn,701,701
4x29_A,A,Zn,51858,51858
5nbc_C,A,Zn,3835,3835
8rio_A,A,Zn,15098,15098
3s2j_A,A,Zn,7072,7072
3x1l_A,A,Zn,23241,23241
3rui_A,A,Zn,2935,2935
7x0r_A,A,Zn,11863,11863
1hc7_D,A,Zn,2446,2446
5ei9_F,A,Zn,9525,9525
6pw8_A,A,Zn,9069,9069
2z8x_A,A,Zn,19188,19188
5ji5_A,A,Zn,48272,48272
1h2b_A,A,Zn,2770,2770
4lqf_A,A,Zn,16228,16228
1c7k_A,A,Zn,28506,28506
5mvw_B,A,Zn,20797,20797
1uwz_A,A,Zn,20459,20459
4z40_D,A,Zn,37344,37344
1y0y_A,A,Zn,11429,11429
1t0b_A,A,Zn,193329,193329
1q08_A,A,Zn,8181,8181
4axv_A,A,Zn,26415,26415
6r4z_B,A,Zn,7637,7637
5xfr_A,A,Zn,16418,16418
8dgd_A,A,Zn,7811,7811
4ar9_A,A,Zn,5698,5698
3oa4_A,A,Zn,6478,6478
3ce2_A,A,Zn,19234,19234
7qe1_A,A,Zn,32000,32000
6vyo_A,A,Zn,1963,1963
9eu2_A,A,Zn,7431,7431
1kl9_A,A,Zn,3496,3496
5hee_A,A,Zn,264363,264363
4a7k_A,A,Zn,48837,48837
4s25_A,A,Zn,2088,2088
2zwi_A,A,Zn,8572,8572
8he1_A,A,Zn,18131,18131
5vdc_A,A,Zn,8497,8497
5tj3_A,A,Zn,38009,38009
2p46_A,A,Zn,397,397
2az4_A,A,Zn,262336,262336
3csv_A,A,Zn,94640,94640
8pnn_d9,A,Zn,2385,2385
4fxo_A,A,Zn,457,457
4m0w_A,A,Zn,43,43
7m6u_A,A,Zn,124632,124632
4me3_A,A,Zn,131726,131726
3c37_A,A,Zn,73519,73519
4z65_A,A,Zn,2732,2732
5vsc_A,A,Zn,5500,5500
1dy0_A,A,Zn,16055,16055
4rul_A,A,Zn,5499,5499
8h1e_A,A,Zn,10780,10780
4mj7_A,A,Zn,34217,34217
4dgu_A,A,Zn,177212,177212
9j9m_A,A,Zn,1305,1305
3n3u_A,A,Zn,58008,58008
4y4o_14,A,Zn,509,509
8rsm_A,A,Zn,25785,25785
6uzi_A,A,Zn,1408,1408
4v1t_A,A,Zn,42779,42779
5tda_A,A,Zn,9495,9495
7xp1_A,A,Zn,70637,70637
8sbm_B,A,Zn,9171,9171
5mtm_B,A,Zn,3022,3022
5hda_A,A,Zn,32636,32636
3bb6_A,A,Zn,22270,22270
6gs2_B,A,Zn,20992,20992
2qha_A,A,Zn,29069,29069
6cme_A,A,Zn,69306,69306
6zr5_C,A,Zn,9363,9363
6zsv_A,A,Zn,73430,73430
3cxk_A,A,Zn,4963,4963
2wvl_B,A,Zn,19286,19286
6thk_A,A,Zn,95947,95947
5abx_A,A,Zn,21664,21664
5ch8_A,A,Zn,4179,4179
2vu4_A,A,Zn,6571,6571
7zqy_A,A,Zn,14890,14890
6uuq_A,A,Zn,1183,1183
3tg0_A,A,Zn,3457,3457
7fct_A,A,Zn,203351,203351
3ngj_A,A,Zn,2064,2064
1n4q_B,A,Zn,6928,6928
3bvx_A,A,Zn,2255,2255
9jrr_A,A,Zn,29865,29865
2fqp_A,A,Zn,55617,55617
2oo4_A,A,Zn,2774,2774
6g77_A,A,Zn,2450,2450
8byk_A,A,Zn,60203,60203
3r8b_B,A,Zn,4017,4017
3w0f_A,A,Zn,18989,18989
4i1f_A,A,Zn,4524,4524
1au1_B,A,Zn,1924,1924
4mvt_A,A,Zn,12710,12710
6dk9_A,A,Zn,16645,16645
6vz0_A,A,Zn,11479,11479
1odz_A,A,Zn,15977,15977
4pzi_A,A,Zn,30908,30908
2drp_A,A,Zn,90563,90563
2nut_B,A,Zn,6691,6691
6hsh_D,A,Zn,4373,4373
2g19_A,A,Zn,2788,2788
7e44_F,A,Zn,2201,2201
4blb_A,A,Zn,8665,8665
5u00_B,A,Zn,4027,4027
6ndh_C,A,Zn,4084,4084
6fc3_B,A,Zn,26666,26666
9f46_A,A,Zn,18190,18190
6kak_A,A,Zn,17996,17996
5ls4_A,A,Zn,6921,6921
7om5_A,A,Zn,879,879
6x6x_A,A,Zn,5740,5740
6uxu_A,A,Zn,200026,200026
3eqn_A,A,Zn,21646,21646
5jgf_A,A,Zn,15728,15728
8uw9_A,A,Zn,2343,2343
6wcw_A,A,Zn,42200,42200
4qhj_A,A,Zn,32496,32496
2vun_A,A,Zn,95685,95685
5hzd_A,A,Zn,36907,36907
3neh_A,A,Zn,93826,93826
3zvs_A,A,Zn,17374,17374
2xc2_A,A,Zn,12168,12168
6dcr_A,A,Zn,5653,5653
3b34_A,A,Zn,1539,1539
6lqf_A,A,Zn,13279,13279
6smk_A,A,Zn,86462,86462
2pdo_B,A,Zn,7752,7752
5kz6_A,A,Zn,17535,17535
4oko_A,A,Zn,119289,119289
1ubd_C,A,Zn,18562,18562
6jwj_A,A,Zn,6413,6413
4wvt_A,A,Zn,46396,46396
1q9u_B,A,Zn,69792,69792
2oog_A,A,Zn,9602,9602
2di3_A,A,Zn,162402,162402
8c61_A,A,Zn,52605,52605
4gqt_A,A,Zn,188,188
1oao_C,A,Zn,4503,4503
7pcv_A,A,Zn,23320,23320
5ic5_A,A,Zn,57427,57427
3mi9_C,A,Zn,19866,19866
4u9b_A,A,Zn,29349,29349
6aa4_A,A,Zn,1513,1513
4v3l_C,A,Zn,14865,14865
3fed_A,A,Zn,1824,1824
4lim_A,A,Zn,10452,10452
8chy_A,A,Zn,2174,2174
3fav_C,A,Zn,24283,24283
2jlp_A,A,Zn,28707,28707
7z6t_AAA,A,Zn,3015,3015
5k9g_B,A,Zn,1779,1779
3oru_A,A,Zn,52722,52722
7auc_A,A,Zn,7345,7345
5fer_D,A,Zn,14650,14650
4qc1_A,A,Zn,722,722
1a6f_A,A,Zn,578,578
2yc5_A,A,Zn,14477,14477
1taf_B,A,Zn,33500,33500
4r25_A,A,Zn,6097,6097
3zq6_A,A,Zn,13140,13140
7mkr_AAA,A,Zn,17133,17133
1qx0_A,A,Zn,6696,6696
1mvh_A,A,Zn,20455,20455
5cvi_B,A,Zn,14236,14236
7mo5_B,A,Zn,10631,10631
5zi6_A,A,Zn,16367,16367
7vlz_A,A,Zn,28918,28918
7yx8_A,A,Zn,19708,19708
9fgp_A,A,Zn,11340,11340
3nvo_A,A,Zn,3613,3613
6k02_A,A,Zn,16033,16033
5f1c_A,A,Zn,100253,100253
1ete_A,A,Zn,30869,30869
2oik_A,A,Zn,75775,75775
2v9l_A,A,Zn,2632,2632
6w7z_B,A,Zn,15063,15063
7ox4_B,A,Zn,361,361
8th9_A,A,Zn,29879,29879
3lpe_B,A,Zn,50233,50233
1pq4_A,A,Zn,28714,28714
6on5_A,A,Zn,1340,1340
8odq_C,A,Zn,2428,2428
4y4o_29,A,Zn,166,166
1r8q_E,A,Zn,2518,2518
5xm5_B,A,Zn,11765,11765
1tt5_B,A,Zn,5813,5813
5erc_A,A,Zn,406,406
5czw_A,A,Zn,58006,58006
2cs7_A,A,Zn,130068,130068
4tsd_A,A,Zn,97135,97135
5o6c_A,A,Zn,31546,31546
3qbe_A,A,Zn,4013,4013
1l1o_C,A,Zn,5360,5360
7b2i_A,A,Zn,8017,8017
3sb5_A,A,Zn,655,655
7poh_A,A,Zn,58699,58699
3t7l_A,A,Zn,36005,36005
2byo_A,A,Zn,32020,32020
1ml9_A,A,Zn,33031,33031
5ynm_B,A,Zn,2026,2026
7bv5_C,A,Zn,47120,47120
6v4c_A,A,Zn,10647,10647
3cbb_A,A,Zn,9651,9651
1vsr_A,A,Zn,21724,21724
4on1_A,A,Zn,126223,126223
8atj_AAA,A,Zn,9287,9287
3e1z_A,A,Zn,11925,11925
5ofs_A,A,Zn,2346,2346
6cbs_A,A,Zn,7930,7930
4c2m_B,A,Zn,3264,3264
3g9m_B,A,Zn,1698,1698
5h3j_A,A,Zn,19541,19541
5xbn_A,A,Zn,22724,22724
4y8a_A,A,Zn,19263,19263
1xru_A,A,Zn,2143,2143
1zde_A,A,Zn,2407,2407
6xt6_A,A,Zn,714,714
2qfa_A,A,Zn,4347,4347
1gax_A,A,Zn,603,603
1jaz_A,A,Zn,1385,1385
4i1s_B,A,Zn,88698,88698
6bwy_A,A,Zn,122633,122633
8ymz_E,A,Zn,17818,17818
6ml1_A,A,Zn,3171,3171
3v93_A,A,Zn,52744,52744
1fn9_A,A,Zn,23251,23251
4l6h_A,A,Zn,535,535
1hi9_A,A,Zn,96184,96184
1pmi_A,A,Zn,2556,2556
6yoo_A,A,Zn,2081,2081
5d88_A,A,Zn,127754,127754
4aoj_A,A,Zn,2277,2277
2znr_A,A,Zn,9271,9271
2g84_A,A,Zn,17452,17452
1r4v_A,A,Zn,77802,77802
8djh_A,A,Zn,2468,2468
5mxy_A,A,Zn,43555,43555
6b9v_A,A,Zn,14462,14462
3dxs_X,A,Zn,59010,59010
8ytz_A,A,Zn,1915,1915
7cd4_A,A,Zn,2978,2978
3fid_A,A,Zn,85015,85015
4e6r_A,A,Zn,24642,24642
1jk0_A,A,Zn,2503,2503
3oym_A,A,Zn,3944,3944
7z6e_A,A,Zn,6086,6086
3i3t_C,A,Zn,22957,22957
5b3h_C,A,Zn,42207,42207
6ml4_A,A,Zn,11610,11610
4iup_A,A,Zn,19989,19989
4u4r_q3,A,Zn,570,570
6om4_A,A,Zn,30291,30291
1u2w_A,A,Zn,19183,19183
2ood_A,A,Zn,28570,28570
3l00_A,A,Zn,34399,34399
1a7w_A,A,Zn,6184,6184
1bp3_B,A,Zn,8549,8549
8xet_A,A,Zn,11026,11026
3e9q_B,A,Zn,12862,12862
6cqg_A,A,Zn,725,725
4m9v_C,A,Zn,41362,41362
8i3x_A,A,Zn,17012,17012
7y7o_A,A,Zn,1176,1176
5ulh_C,A,Zn,3160,3160
2eh9_A,A,Zn,13224,13224
5lyn_A,A,Zn,11028,11028
4c81_A,A,Zn,28942,28942
4z8y_A,A,Zn,667,667
5yvx_A,A,Zn,43554,43554
5u6z_A,A,Zn,11103,11103
6p20_D,A,Zn,57939,57939
4gbm_A,A,Zn,77269,77269
8yoz_A,A,Zn,81674,81674
4kjm_A,A,Zn,58015,58015
1ekb_B,A,Zn,6358,6358
3fu1_A,A,Zn,10158,10158
3zpg_A,A,Zn,5573,5573
4iwk_E,A,Zn,1065,1065
7fh9_A,A,Zn,24664,24664
4u8h_D,A,Zn,10345,10345
4ntk_A,A,Zn,12706,12706
6ty2_B,A,Zn,66304,66304
7knf_B,A,Zn,508,508
5z98_A,A,Zn,11305,11305
6rxk_A,A,Zn,5635,5635
6cmk_B,A,Zn,37292,37292
2eul_A,A,Zn,454,454
7tw9_A,A,Zn,27310,27310
7od1_A,A,Zn,3616,3616
5c4v_B,A,Zn,137664,137664
3hwp_A,A,Zn,23965,23965
2h6f_B,A,Zn,2207,2207
6aef_A,A,Zn,14406,14406
6ih0_A,A,Zn,390,390
2iyb_E,A,Zn,4192,4192
5ve9_C,A,Zn,12567,12567
3v4k_A,A,Zn,2332,2332
3l0a_A,A,Zn,199851,199851
3mit_B,A,Zn,6165,6165
3fmu_A,A,Zn,2243,2243
7og7_A,A,Zn,25905,25905
5oqd_A,A,Zn,96763,96763
4wcn_A,A,Zn,18198,18198
8p5q_A,A,Zn,28269,28269
7zvy_A,A,Zn,42949,42949
4z0o_A,A,Zn,32140,32140
4wd8_D,A,Zn,7658,7658
7ysi_A,A,Zn,18164,18164
4n0l_A,A,Zn,237778,237778
4yzi_A,A,Zn,11727,11727
7cq3_A,A,Zn,9437,9437
4n4w_A,A,Zn,80626,80626
7xa2_A,A,Zn,2870,2870
2epf_A,A,Zn,2566,2566
7ef0_A,A,Zn,17985,17985
6u3u_A,A,Zn,10142,10142
1u0a_A,A,Zn,11292,11292
1z83_A,A,Zn,1220,1220
2zkt_A,A,Zn,3471,3471
3f3q_A,A,Zn,25514,25514
4hcc_A,A,Zn,10141,10141
3h63_A,A,Zn,5403,5403
9gy1_A,A,Zn,82718,82718
5gy6_A,A,Zn,13548,13548
3wx7_A,A,Zn,13214,13214
4cs9_C,A,Zn,14097,14097
1fr2_B,A,Zn,4427,4427
3u79_A,A,Zn,3,3
6htm_B,A,Zn,43348,43348
5k1s_A,A,Zn,56481,56481
4o5o_A,A,Zn,3741,3741
7kil_A,A,Zn,12213,12213
5a7m_A,A,Zn,5802,5802
3t92_A,A,Zn,17803,17803
2pw6_A,A,Zn,29648,29648
7rcz_A,A,Zn,90610,90610
7k7t_A,A,Zn,43569,43569
8zin_D,A,Zn,21495,21495
2apo_B,A,Zn,13331,13331
4yxp_A,A,Zn,72963,72963
4pxy_A,A,Zn,89472,89472
3dwd_A,A,Zn,29360,29360
2han_B,A,Zn,3466,3466
1t8k_A,A,Zn,513,513
3p1v_A,A,Zn,58352,58352
5jlb_A,A,Zn,4950,4950
8zd3_B,A,Zn,24408,24408
2fbh_A,A,Zn,3802,3802
4ne7_A,A,Zn,14606,14606
6eqs_A,A,Zn,1731,1731
1onw_A,A,Zn,11874,11874
4flm_A,A,Cu,2970,2970
3ses_A,A,Cu,1794,1794
2c9q_A,A,Cu,18377,18377
3ziy_A,A,Cu,6331,6331
6ibh_A,A,Cu,45454,45454
5fc9_A,A,Cu,33465,33465
4eir_A,A,Cu,3215,3215
7z3b_A,A,Cu,53884,53884
6rn5_A,A,Cu,225385,225385
6i1j_A,A,Cu,18941,18941
5z0d_B,A,Cu,178781,178781
1q5y_B,A,Cu,1221,1221
8k9n_A,A,Cu,4619,4619
1r5a_A,A,Cu,2051,2051
1rju_V,A,Cu,25902,25902
2uwf_A,A,Cu,3021,3021
4eis_A,A,Cu,27587,27587
1and_A,A,Cu,70,70
2q9o_A,A,Cu,5028,5028
7vfc_A,A,Cu,53302,53302
7prl_A,A,Cu,9702,9702
5u7n_A,A,Cu,4315,4315
6xlr_A,A,Cu,8573,8573
5msz_A,A,Cu,36800,36800
2xz4_A,A,Cu,57509,57509
4lsy_B,A,Cu,10252,10252
3s8g_A,A,Cu,4939,4939
7okr_AAA,A,Cu,254038,254038
7r4v_A,A,Cu,5336,5336
5ib3_A,A,Cu,41,41
4f2e_A,A,Cu,62932,62932
1w7c_A,A,Cu,22481,22481
4xyd_B,A,Cu,16792,16792
7puh_B,A,Cu,3634,3634
9kzl_A,A,Cu,23633,23633
5emt_A,A,Cu,2685,2685
1s4c_A,A,Cu,68762,68762
8zyh_A,A,Cu,8421,8421
2aan_A,A,Cu,46337,46337
6fok_A,A,Cu,14830,14830
4lej_A,A,Cu,20223,20223
5jxa_L,A,Cu,5,5
6z1s_A,A,Cu,8207,8207
2xmw_A,A,Cu,30790,30790
3mn0_A,A,Cu,175,175
7coh_A,A,Cu,487,487
8pf0_A,A,Cu,1369,1369
4n0m_A,A,Cu,1377,1377
6hbe_A,A,Cu,170332,170332
3umk_A,A,Cu,3806,3806
1a8v_A,A,Cu,2374,2374
1aoz_A,A,Cu,7177,7177
5vgv_A,A,Cu,795,795
5zrd_A,A,Cu,41692,41692
6ff2_A,A,Cu,8483,8483
5vg0_B,A,Cu,14569,14569
3epv_C,A,Cu,15905,15905
1juh_B,A,Cu,34692,34692
6rek_A,A,Cu,4569,4569
5vf5_A,A,Cu,13457,13457
5z0f_B,A,Cu,176171,176171
7ze9_AAA,A,Cu,43005,43005
1qhq_A,A,Cu,66074,66074
5ufv_A,A,Cu,24097,24097
6qww_A,A,Cu,17,17
2zmx_B,A,Cu,158853,158853
6kli_A,A,Cu,1535,1535
2zwg_B,A,Cu,257524,257524
6els_A,A,Cu,4496,4496
4e9x_A,A,Cu,31916,31916
5fje_A,A,Cu,25239,25239
4isz_B,A,Cu,10200,10200
1fr4_A,A,Cu,35,35
2vov_A,A,Cu,61008,61008
6rw7_A,A,Cu,74466,74466
6quh_B,A,Cu,925,925
5ffc_A,A,Cu,25578,25578
5z0l_B,A,Cu,191944,191944
3ef4_A,A,Cu,33003,33003
1iby_A,A,Cu,56751,56751
1zpu_A,A,Cu,5409,5409
4f2f_A,A,Cu,1120,1120
5lxz_B,A,Cu,67223,67223
8po9_A,A,Cu,6725,6725
3hi7_A,A,Cu,5537,5537
4w9z_A,A,Cu,18808,18808
6q63_A,A,Cu,7110,7110
2cal_A,A,Cu,17566,17566
5opf_A,A,Cu,17489,17489
7mmr_A,A,Cu,1789,1789
1odb_F,A,Cu,6513,6513
6ri6_A,A,Cu,2574,2574
9bwh_A,A,Cu,52640,52640
2ov0_A,A,Cu,5588,5588
7tg5_B,A,Cu,4030,4030
9hdg_A,A,Cu,18439,18439
4tm7_A,A,Cu,18908,18908
6haq_B,A,Cu,24476,24476
2j56_M,A,Cu,2961,2961
5hli_A,A,Cu,48038,48038
6vow_A,A,Cu,44609,44609
6l8s_A,A,Cu,14136,14136
5y4c_A,A,Cu,6280,6280
7pu1_AAA,A,Cu,11557,11557
2ahl_B,A,Cu,111709,111709
4bz4_A,A,Cu,261448,261448
2y9w_A,A,Cu,21076,21076
1yi9_A,A,Cu,4402,4402
3e12_A,A,Cu,410,410
7vw2_B,A,Cu,68547,68547
7bk5_AAA,A,Cu,15959,15959
4qi8_A,A,Cu,4742,4742
7zn6_A,A,Cu,25754,25754
4z0y_A,A,Cu,10027,10027
4oak_A,A,Cu,16201,16201
6xx2_A,A,Cu,4807,4807
9kyn_A,A,Cu,3681,3681
6p16_A,A,Cu,40269,40269
3dso_A,A,Cu,26265,26265
5n62_A,A,Cu,283,283
2fk1_A,A,Cu,12818,12818
4rkn_A,A,Cu,50045,50045
6ryv_A,A,Cu,52826,52826
3wa2_X,A,Cu,1566,1566
4wbr_D,A,Cu,23364,23364
3iud_C,A,Cu,10028,10028
1ws8_C,A,Cu,30465,30465
6ju8_A,A,Cu,12250,12250
5ib5_A,A,Cu,118,118
8bbq_A,A,Cu,65471,65471
8z5b_A,A,Cu,4471,4471
5z0e_B,A,Cu,178523,178523
6qug_A,A,Cu,1917,1917
5z0i_B,A,Cu,192868,192868
5icu_A,A,Cu,208639,208639
6rrp_A,A,Cu,33822,33822
4b61_A,A,Cu,13638,13638
6cpd_A,A,Cu,167814,167814
3ka4_A,A,Cu,479,479
8r7i_A,A,Cu,63802,63802
2zmz_B,A,Cu,158165,158165
2xlg_A,A,Cu,42100,42100
2ztj_A,A,Cu,6570,6570
8q9x_A,A,Cu,11862,11862
5ssx_A,A,Cu,4277,4277
1lcf_A,A,Cu,660,660
1e9p_A,A,Cu,855,855
4e9s_A,A,Cu,2236,2236
9kwt_A,A,Cu,6621,6621
3e6z_X,A,Cu,15031,15031
5b7y_A,A,Cu,27735,27735
6tfo_A,A,Cu,51952,51952
1pzs_A,A,Cu,10669,10669
2gsm_B,A,Cu,2829,2829
4zel_A,A,Cu,17718,17718
2xjn_C,A,Cu,11606,11606
5syd_A,A,Cu,178954,178954
1x9u_A,A,Cu,45568,45568
6wk3_A,A,Cu,2745,2745
3zja_A,A,Cu,95682,95682
9ggo_A,A,Cu,5185,5185
6dyf_A,A,Cu,782,782
1zxi_B,A,Cu,10438,10438
4oy7_A,A,Cu,61653,61653
4b5q_A,A,Cu,26382,26382
4dpb_X,A,Cu,2820,2820
1v6p_A,A,Cu,1492,1492
5akr_A,A,Cu,786,786
5n0k_A,A,Cu,10163,10163
4phz_A,A,Cu,6420,6420
2ahk_B,A,Cu,112746,112746
6c40_B,A,Cu,1007,1007
1q05_A,A,Cu,7003,7003
6n5u_A,A,Cu,41914,41914
5hzs_A,A,Cu,3868,3868
7ptz_AAA,A,Cu,2562,2562
1jer_A,A,Cu,87022,87022
4wf5_B,A,Cu,629,629
5o2x_A,A,Cu,7456,7456
3awz_B,A,Cu,192775,192775
4hua_A,A,Cu,2924,2924
6z5y_A,A,Cu,60739,60739
4m1p_A,A,Cu,13794,13794
3gyr_A,A,Cu,75816,75816
2yev_A,A,Cu,2229,2229
7euu_A,A,Cu,7408,7408
7l6g_A,A,Cu,170934,170934
5l2v_A,A,Cu,6310,6310
8um6_B,A,Cu,45652,45652
6iqx_A,A,Cu,14358,14358
5c0u_A,A,Cu,7710,7710
7d1y_A,A,Cu,5347,5347
7zve_E,A,Cu,1500,1500
5yfd_A,A,Cu,6555,6555
5nns_A,A,Cu,65911,65911
1ksi_A,A,Cu,6854,6854
3hhs_B,A,Cu,5270,5270
1gmw_A,A,Cu,9366,9366
5z0e_A,A,Cu,3188,3188
3sb6_A,A,Cu,733,733
1gx5_A,A,other_transition,902,902
5c7s_A,A,other_transition,665,665
2q4a_A,A,other_transition,11593,11593
5iqn_A,A,other_transition,12237,12237
4rag_A,A,other_transition,6972,6972
3kgz_A,A,other_transition,46221,46221
6h5a_A,A,other_transition,11329,11329
3ggd_A,A,other_transition,115933,115933
3bww_A,A,other_transition,4841,4841
1z25_A,A,other_transition,24624,24624
6d0g_A,A,other_transition,47014,47014
6qv4_A,A,other_transition,1467,1467
2x7j_A,A,other_transition,2172,2172
3ktc_A,A,other_transition,83009,83009
2xsu_A,A,other_transition,9738,9738
2fqt_A,A,other_transition,584,584
2uw1_A,A,other_transition,3347,3347
6nvp_A,A,other_transition,76008,76008
6b3a_A,A,other_transition,36173,36173
3mxa_A,A,other_transition,4207,4207
2pal_A,A,other_transition,8235,8235
6icn_A,A,other_transition,24129,24129
4z3b_A,A,other_transition,582,582
3sao_B,A,other_transition,1871,1871
1jfz_A,A,other_transition,568,568
4ru3_A,A,other_transition,57494,57494
8sp5_A,A,other_transition,3642,3642
1zar_A,A,other_transition,6298,6298
8kfv_A,A,other_transition,17257,17257
5uq6_A,A,other_transition,6865,6865
6qgr_A,A,other_transition,14919,14919
3dw9_A,A,other_transition,16884,16884
1y63_A,A,other_transition,4930,4930
5ej8_D,A,other_transition,1705,1705
6pup_A,A,other_transition,53270,53270
7uva_D,A,other_transition,4506,4506
4tw3_A,A,other_transition,7437,7437
6sa1_A,A,other_transition,27328,27328
8ey3_A,A,other_transition,89004,89004
5cnq_A,A,other_transition,25134,25134
8x3g_A,A,other_transition,21776,21776
5we8_B,A,other_transition,9412,9412
4mlm_A,A,other_transition,11550,11550
3w42_A,A,other_transition,27205,27205
4u9n_B,A,other_transition,10299,10299
6p2a_A,A,other_transition,199568,199568
3d03_E,A,other_transition,18859,18859
2ygk_A,A,other_transition,49535,49535
3gke_A,A,other_transition,15078,15078
1on2_A,A,other_transition,4121,4121
3ven_A,A,other_transition,7737,7737
5ek8_A,A,other_transition,112272,112272
6v0t_A,A,other_transition,10187,10187
3r5u_A,A,other_transition,2028,2028
2iuw_A,A,other_transition,21414,21414
1e24_A,A,other_transition,496,496
8jdt_A,A,other_transition,4418,4418
8e60_A,A,other_transition,3708,3708
8jq4_A,A,other_transition,1298,1298
2o14_A,A,other_transition,82761,82761
5j42_A,A,other_transition,5057,5057
4cv4_A,A,other_transition,10831,10831
7de2_A,A,other_transition,47995,47995
1k1e_A,A,other_transition,2222,2222
7elv_E,A,other_transition,82296,82296
1jm0_A,A,other_transition,10589,10589
5zbf_A,A,other_transition,25877,25877
1nvm_A,A,other_transition,1115,1115
2qed_A,A,other_transition,1365,1365
9etk_A,A,other_transition,16754,16754
2dfj_A,A,other_transition,885,885
4zq9_A,A,other_transition,6891,6891
8sln_A,A,other_transition,28880,28880
2qh1_A,A,other_transition,91596,91596
9l56_A,A,other_transition,27469,27469
3gfz_A,A,other_transition,11171,11171
3gqa_A,A,other_transition,20220,20220
3rf7_A,A,other_transition,69741,69741
2xdb_A,A,other_transition,28765,28765
2w42_B,A,other_transition,17623,17623
1r89_A,A,other_transition,2839,2839
1ra0_A,A,other_transition,11068,11068
2faq_A,A,other_transition,22184,22184
7m49_A,A,other_transition,2135,2135
4pss_A,A,other_transition,871,871
4ic1_A,A,other_transition,79265,79265
7q4i_A,A,other_transition,25842,25842
1aor_A,A,other_transition,19607,19607
1khw_A,A,other_transition,36089,36089
7q9e_B,A,other_transition,404,404
3rvq_A,A,other_transition,1496,1496
8cqm_B,A,other_transition,19484,19484
5jsk_B,A,other_transition,1185,1185
1yd0_A,A,other_transition,9337,9337
6n9i_A,A,other_transition,12813,12813
6we0_A,A,other_transition,35130,35130
6tx0_B,A,other_transition,1786,1786
7nzp_BBB,A,other_transition,25689,25689
5c6c_A,A,other_transition,4992,4992
7xnt_A,A,other_transition,11361,11361
1a76_A,A,other_transition,1003,1003
2mnr_A,A,other_transition,11409,11409
4kir_A,A,other_transition,3258,3258
4nzv_B,A,other_transition,13822,13822
5efv_A,A,other_transition,51964,51964
1mwh_A,A,other_transition,12150,12150
6i0r_A,A,other_transition,820,820
5ol4_C,A,other_transition,126,126
4rzy_A,A,other_transition,30027,30027
3qq7_A,A,other_transition,13284,13284
8d3z_A,A,other_transition,24174,24174
4rap_A,A,other_transition,32775,32775
4fix_A,A,other_transition,19035,19035
1gqi_A,A,other_transition,7062,7062
1qmg_A,A,other_transition,6763,6763
4oj8_A,A,other_transition,53966,53966
5xd2_A,A,other_transition,8802,8802
5xeg_A,A,other_transition,28560,28560
5m45_A,A,other_transition,39570,39570
1igv_A,A,other_transition,6639,6639
6at2_A,A,other_transition,916,916
2wyr_A,A,other_transition,8438,8438
3l6b_A,A,other_transition,3084,3084
4m51_A,A,other_transition,30213,30213
1fi2_A,A,other_transition,2119,2119
3lw6_A,A,other_transition,31033,31033
4hei_A,A,other_transition,3593,3593
1jqn_A,A,other_transition,1053,1053
7kik_A,A,other_transition,220442,220442
3hix_A,A,other_transition,52956,52956
5odq_L,A,other_transition,8895,8895
7w8f_A,A,other_transition,14636,14636
3v1d_A,A,other_transition,20363,20363
7sze_C,A,other_transition,23687,23687
4mda_A,A,other_transition,21679,21679
1rm0_A,A,other_transition,3150,3150
8br0_B,A,other_transition,4070,4070
3e74_A,A,other_transition,3263,3263
4mag_A,A,other_transition,6892,6892
4njq_A,A,other_transition,3926,3926
7txg_B,A,other_transition,3178,3178
6g36_A,A,other_transition,4730,4730
8c2z_A,A,other_transition,41965,41965
2uzp_A,A,other_transition,8229,8229
8pzh_A,A,other_transition,39239,39239
2qjc_A,A,other_transition,34936,34936
5lg8_A,A,other_transition,8958,8958
5ntd_A,A,other_transition,13005,13005
4mu3_A,A,other_transition,11051,11051
6kgv_A,A,other_transition,14011,14011
3ovp_A,A,other_transition,3043,3043
3r4q_A,A,other_transition,182646,182646
2zzi_A,A,other_transition,8518,8518
8a82_A,A,other_transition,227044,227044
6b9r_A,A,other_transition,47257,47257
4eac_C,A,other_transition,1555,1555
8c6z_A,A,other_transition,75116,75116
1nzr_A,A,other_transition,1283,1283
6lkb_A,A,other_transition,20241,20241
6ei2_B,A,other_transition,23,23
4udx_X,A,other_transition,1716,1716
5zo5_B,A,other_transition,8010,8010
5n5e_a,A,other_transition,68344,68344
3sxx_A,A,other_transition,4902,4902
7pda_A,A,other_transition,137138,137138
3ut1_A,A,other_transition,5359,5359
9dbh_B,A,other_transition,58554,58554
8pzm_A,A,other_transition,685,685
3ea3_A,A,other_transition,6954,6954
6vk6_A,A,other_transition,4167,4167
8q1k_A,A,other_transition,6529,6529
7dz9_A,A,other_transition,25316,25316
7e9s_A,A,other_transition,38652,38652
3pzt_A,A,other_transition,5866,5866
6on1_A,A,other_transition,67573,67573
8qaw_A,A,other_transition,1913,1913
2am3_A,A,other_transition,7461,7461
2amh_A,A,other_transition,52006,52006
2noo_A,A,other_transition,4886,4886
7w5p_H,A,other_transition,66177,66177
2ibn_A,A,other_transition,7089,7089
4wyl_A,A,other_transition,413,413
1vkm_A,A,other_transition,2444,2444
8xhx_A,A,other_transition,37390,37390
3ngf_A,A,other_transition,7274,7274
3pka_A,A,other_transition,1935,1935
5ep9_A,A,other_transition,47419,47419
2rdq_A,A,other_transition,30225,30225
3llm_A,A,other_transition,4621,4621
1lby_A,A,other_transition,9914,9914
2yeq_A,A,other_transition,31920,31920
2bdg_A,A,other_transition,2748,2748
7t7k_A,A,other_transition,10993,10993
3a62_A,A,other_transition,5218,5218
4oev_A,A,other_transition,29368,29368
1y56_A,A,other_transition,202556,202556
2zad_A,A,other_transition,16029,16029
4e19_A,A,other_transition,67636,67636
5v8c_A,A,other_transition,257060,257060
7eeh_A,A,other_transition,92047,92047
3PIW_1,A,non_metal,61606,61606
3U2A_1,A,non_metal,206087,206087
5A5K_1,A,non_metal,7920,7920
2VAG_1,A,non_metal,4849,4849
2YZ8_1,A,non_metal,24041,24041
4DN9_1,A,non_metal,244338,244338
2RHF_1,A,non_metal,24779,24779
8BXA_1,A,non_metal,519,519
9PFN_1,A,non_metal,23055,23055
3BT7_1,A,non_metal,1076,1076
3M8U_1,A,non_metal,5292,5292
6RUT_2,A,non_metal,8766,8766
4O1I_1,A,non_metal,206435,206435
2YXZ_1,A,non_metal,134006,134006
8BHG_1,A,non_metal,1197,1197
4YXT_1,A,non_metal,22723,22723
6OEB_1,A,non_metal,13657,13657
3I1I_1,A,non_metal,966,966
7X2P_1,A,non_metal,164204,164204
7KV4_1,A,non_metal,47954,47954
3HEF_1,A,non_metal,29108,29108
3KYZ_1,A,non_metal,68883,68883
4PZA_1,A,non_metal,21649,21649
4P6Q_1,A,non_metal,38133,38133
1VHV_1,A,non_metal,1479,1479
3I8Z_1,A,non_metal,29825,29825
7BYW_1,A,non_metal,67267,67267
5T1J_1,A,non_metal,37802,37802
1LLI_3,A,non_metal,8379,8379
6F8P_1,A,non_metal,8346,8346
3SB1_1,A,non_metal,265820,265820
3K5W_1,A,non_metal,51352,51352
6VUD_1,A,non_metal,6775,6775
1OD2_1,A,non_metal,1874,1874
7MS2_1,A,non_metal,4919,4919
1JCM_1,A,non_metal,1766,1766
1QSF_4,A,non_metal,280,280
7EBO_1,A,non_metal,8102,8102
1DJ0_1,A,non_metal,297,297
4R3E_1,A,non_metal,9432,9432
1ZC0_1,A,non_metal,12599,12599
2HQB_1,A,non_metal,96745,96745
3RPP_1,A,non_metal,10201,10201
5HKF_1,A,non_metal,4589,4589
3R1V_1,A,non_metal,8690,8690
3AYH_1,A,non_metal,33230,33230
3BO6_1,A,non_metal,10171,10171
1C3C_1,A,non_metal,5048,5048
24KM_1,A,non_metal,165,165
1FTR_1,A,non_metal,9165,9165
4ZR7_1,A,non_metal,16478,16478
8F9R_1,A,non_metal,12811,12811
3HE1_1,A,non_metal,20927,20927
2WJQ_1,A,non_metal,36322,36322
4BZY_1,A,non_metal,4206,4206
3ZZO_1,A,non_metal,39888,39888
1A0P_1,A,non_metal,627,627
4TVI_1,A,non_metal,72112,72112
4Q2S_1,A,non_metal,102114,102114
1HYE_1,A,non_metal,5205,5205
5QGJ_1,A,non_metal,5161,5161
5NN7_1,A,non_metal,2834,2834
4LWS_1,A,non_metal,81879,81879
2ILA_1,A,non_metal,10530,10530
3N4H_1,A,non_metal,5584,5584
8VM1_1,A,non_metal,99979,99979
9HDH_1,A,non_metal,25339,25339
8P9R_1,A,non_metal,6265,6265
6TQS_1,A,non_metal,14058,14058
6H02_1,A,non_metal,7982,7982
6Q26_1,A,non_metal,46460,46460
2IZP_1,A,non_metal,16993,16993
4YK8_1,A,non_metal,73658,73658
5FUC_1,A,non_metal,4897,4897
7XVK_2,A,non_metal,12936,12936
5FIF_1,A,non_metal,28863,28863
6WLF_1,A,non_metal,48204,48204
1E1L_1,A,non_metal,9995,9995
1B35_1,A,non_metal,265748,265748
2Z8W_1,A,non_metal,4377,4377
1OXJ_1,A,non_metal,28828,28828
1U9N_1,A,non_metal,2260,2260
3WAI_1,A,non_metal,261002,261002
5YCQ_1,A,non_metal,3253,3253
7YF2_1,A,non_metal,3448,3448
1G8E_1,A,non_metal,2932,2932
6UCC_2,A,non_metal,15114,15114
3O24_1,A,non_metal,4708,4708
4QQB_3,A,non_metal,12514,12514
3H3D_1,A,non_metal,42097,42097
2BND_1,A,non_metal,586,586
3WBI_1,A,non_metal,39723,39723
3QTM_1,A,non_metal,53872,53872
2FGG_1,A,non_metal,24048,24048
8IOX_1,A,non_metal,1697,1697
5Z1G_1,A,non_metal,8882,8882
4ZOQ_1,A,non_metal,211382,211382
6VME_4,A,non_metal,12157,12157
5MU3_1,A,non_metal,64618,64618
2R0B_1,A,non_metal,24170,24170
1W1O_1,A,non_metal,1957,1957
4MNN_1,A,non_metal,226180,226180
9U46_1,A,non_metal,10225,10225
9KZN_1,A,non_metal,16729,16729
3NY7_1,A,non_metal,33411,33411
5Y7Q_1,A,non_metal,35580,35580
4MJH_1,A,non_metal,11252,11252
1UCA_1,A,non_metal,15887,15887
2DWZ_2,A,non_metal,11944,11944
2D1P_2,A,non_metal,2884,2884
4PZG_1,A,non_metal,34516,34516
3HNO_1,A,non_metal,27345,27345
3VEP_2,A,non_metal,20808,20808
1F8G_1,A,non_metal,2190,2190
5F86_1,A,non_metal,8928,8928
9Q9E_1,A,non_metal,50105,50105
4G94_1,A,non_metal,20070,20070
9QUF_1,A,non_metal,123598,123598
7L71_1,A,non_metal,14149,14149
3LQK_1,A,non_metal,63489,63489
3ROS_1,A,non_metal,5315,5315
6GBA_1,A,non_metal,30000,30000
5VYK_1,A,non_metal,35185,35185
2IA9_1,A,non_metal,3654,3654
7XLJ_1,A,non_metal,51719,51719
6K34_1,A,non_metal,25642,25642
5OOO_1,A,non_metal,76495,76495
3C5Y_1,A,non_metal,26168,26168
4M0M_1,A,non_metal,108630,108630
1BIK_1,A,non_metal,13229,13229
4WER_1,A,non_metal,3794,3794
2B71_1,A,non_metal,22894,22894
4F7U_3,A,non_metal,1537,1537
1VC1_1,A,non_metal,25103,25103
9LI3_1,A,non_metal,3004,3004
5T51_1,A,non_metal,21128,21128
2AXO_1,A,non_metal,98915,98915
2QGX_1,A,non_metal,9488,9488
6H0H_1,A,non_metal,84145,84145
1BJN_1,A,non_metal,567,567
9EPU_1,A,non_metal,15616,15616
1A0A_3,A,non_metal,52745,52745
9QHR_1,A,non_metal,83168,83168
4NN5_1,A,non_metal,19896,19896
2YZS_1,A,non_metal,13143,13143
4FUQ_1,A,non_metal,13381,13381
3I42_1,A,non_metal,92932,92932
1JH6_1,A,non_metal,22244,22244
6XGZ_1,A,non_metal,6616,6616
6JF2_1,A,non_metal,5519,5519
1IPB_1,A,non_metal,1443,1443
5BPZ_1,A,non_metal,8223,8223
2YNZ_1,A,non_metal,90826,90826
1K6J_1,A,non_metal,13844,13844
3S2U_1,A,non_metal,591,591
3HQA_1,A,non_metal,3721,3721
1UIX_1,A,non_metal,2690,2690
1FBM_1,A,non_metal,8417,8417
1IC4_1,A,non_metal,3610,3610
2NT2_1,A,non_metal,26935,26935
3V2X_1,A,non_metal,17226,17226
4U7A_1,A,non_metal,5167,5167
3TQH_1,A,non_metal,4327,4327
1VJN_1,A,non_metal,195802,195802
1VOL_3,A,non_metal,64,64
1VHK_1,A,non_metal,48212,48212
3A42_1,A,non_metal,35400,35400
4XVX_1,A,non_metal,34401,34401
3DTF_1,A,non_metal,3837,3837
4C86_1,A,non_metal,7184,7184
5WBS_1,A,non_metal,28216,28216
6MZO_1,A,non_metal,25892,25892
3G89_1,A,non_metal,856,856
3OAO_1,A,non_metal,69755,69755
4KIK_1,A,non_metal,8418,8418
2NYK_1,A,non_metal,85905,85905
4WFW_1,A,non_metal,73946,73946
1I09_1,A,non_metal,1594,1594
4RAX_1,A,non_metal,44687,44687
4C1S_1,A,non_metal,64546,64546
2YRR_1,A,non_metal,2499,2499
4ETR_1,A,non_metal,90046,90046
3FRU_1,A,non_metal,5455,5455
3G5J_1,A,non_metal,93642,93642
7JV7_1,A,non_metal,26501,26501
2FHQ_1,A,non_metal,247192,247192
8K0J_1,A,non_metal,3237,3237
4YEP_1,A,non_metal,28823,28823
3AFC_1,A,non_metal,13733,13733
3ES1_1,A,non_metal,6154,6154
1V2Z_1,A,non_metal,11096,11096
2X57_1,A,non_metal,166514,166514
3ABF_1,A,non_metal,11711,11711
6G3W_2,A,non_metal,5489,5489
4AUK_1,A,non_metal,1155,1155
1I8L_1,A,non_metal,19390,19390
2IAY_1,A,non_metal,93191,93191
1QQF_1,A,non_metal,1313,1313
4PSM_1,A,non_metal,80445,80445
1U9C_1,A,non_metal,19585,19585
3BKX_1,A,non_metal,206918,206918
4HUD_1,A,non_metal,29480,29480
3WSX_1,A,non_metal,17358,17358
7PCR_1,A,non_metal,31420,31420
4AE7_1,A,non_metal,16995,16995
6A9P_1,A,non_metal,3699,3699
2AM1_1,A,non_metal,35885,35885
1XG2_1,A,non_metal,4142,4142
4OW8_1,A,non_metal,14230,14230
3V53_1,A,non_metal,27265,27265
3BID_1,A,non_metal,16461,16461
1VI0_1,A,non_metal,28653,28653
2YJT_2,A,non_metal,27085,27085
5T8V_1,A,non_metal,30207,30207
2OHC_1,A,non_metal,40114,40114
1G0Y_1,A,non_metal,15658,15658
3U9E_1,A,non_metal,47786,47786
2HRK_2,A,non_metal,16052,16052
8DLD_1,A,non_metal,15691,15691
9INC_3,A,non_metal,90690,90690
8W4C_1,A,non_metal,4760,4760
6ONW_1,A,non_metal,182946,182946
6TLH_1,A,non_metal,42130,42130
1QD1_1,A,non_metal,11968,11968
9SNI_1,A,non_metal,8506,8506
4F9K_1,A,non_metal,126446,126446
2FNE_1,A,non_metal,3959,3959
3K5Y_1,A,non_metal,6387,6387
2F1T_1,A,non_metal,14428,14428
7R50_1,A,non_metal,9100,9100
3UQZ_1,A,non_metal,42230,42230
3DXR_1,A,non_metal,8279,8279
7NJC_1,A,non_metal,52057,52057
4IX7_2,A,non_metal,96510,96510
1U84_1,A,non_metal,69576,69576
3NEK_1,A,non_metal,36862,36862
4MUD_1,A,non_metal,115213,115213
5NGK_1,A,non_metal,30596,30596
6EVS_1,A,non_metal,144438,144438
6MTG_1,A,non_metal,890,890
6C56_1,A,non_metal,5862,5862
4PMH_1,A,non_metal,46963,46963
3CEY_1,A,non_metal,18306,18306
8YQ1_1,A,non_metal,24217,24217
2A1V_1,A,non_metal,34852,34852
4ZPU_1,A,non_metal,51699,51699
5YX6_1,A,non_metal,4180,4180
1E3O_3,A,non_metal,29635,29635
3S84_1,A,non_metal,13494,13494
5IB0_1,A,non_metal,54588,54588
1OUV_1,A,non_metal,19106,19106
6P3Q_1,A,non_metal,16324,16324
1V9K_1,A,non_metal,5586,5586
8RGI_1,A,non_metal,6800,6800
8X0A_1,A,non_metal,50109,50109
8JW3_1,A,non_metal,163072,163072
1Y2I_1,A,non_metal,3705,3705
8JCT_1,A,non_metal,19551,19551
9CC5_2,A,non_metal,2583,2583
3L7J_1,A,non_metal,31041,31041
2WUJ_1,A,non_metal,39153,39153
1GPR_1,A,non_metal,2854,2854
4WX8_1,A,non_metal,24616,24616
6W49_1,A,non_metal,5075,5075
1SHS_1,A,non_metal,15188,15188
5A6R_1,A,non_metal,36209,36209
4XA9_1,A,non_metal,162506,162506
2O1M_1,A,non_metal,49800,49800
1XFJ_1,A,non_metal,20811,20811
2J9L_1,A,non_metal,3329,3329
6WHB_1,A,non_metal,23780,23780
8XUL_1,A,non_metal,252071,252071
3STQ_1,A,non_metal,110959,110959
2D07_1,A,non_metal,8655,8655
3CRA_1,A,non_metal,18601,18601
9NIJ_1,A,non_metal,46068,46068
3G3Z_1,A,non_metal,98206,98206
1W3P_1,A,non_metal,27887,27887
5XXR_1,A,non_metal,46888,46888
3W2A_1,A,non_metal,17781,17781
3R8K_1,A,non_metal,19374,19374
1HF2_1,A,non_metal,4104,4104
2P4G_1,A,non_metal,148923,148923
5DOL_1,A,non_metal,2443,2443
6SN1_1,A,non_metal,7349,7349
5CAJ_1,A,non_metal,661,661
1EQC_1,A,non_metal,4925,4925
5AOO_2,A,non_metal,70213,70213
7R6S_1,A,non_metal,26956,26956
3ZY5_1,A,non_metal,6538,6538
5MRJ_1,A,non_metal,1929,1929
4LDA_1,A,non_metal,94907,94907
1QO2_1,A,non_metal,182,182
1SYR_1,A,non_metal,11935,11935
2W9Y_1,A,non_metal,100238,100238
1T7S_1,A,non_metal,29920,29920
2HPG_1,A,non_metal,10065,10065
5DVY_1,A,non_metal,3753,3753
1PUI_1,A,non_metal,1178,1178
3MEA_1,A,non_metal,12610,12610
1DV7_1,A,non_metal,1504,1504
1CR5_1,A,non_metal,62463,62463
9XWV_1,A,non_metal,4451,4451
2F60_1,A,non_metal,67459,67459
5D5H_1,A,non_metal,10080,10080
5AKO_2,A,non_metal,87605,87605
3EXZ_1,A,non_metal,92379,92379
4ZB3_1,A,non_metal,6841,6841
9DUC_1,A,non_metal,1268,1268
2ONF_1,A,non_metal,108690,108690
5XLY_2,A,non_metal,40176,40176
3EWK_1,A,non_metal,53521,53521
5ES1_1,A,non_metal,26118,26118
4AEZ_1,A,non_metal,5226,5226
1T9F_1,A,non_metal,7641,7641
6Q3V_1,A,non_metal,17743,17743
6DJ8_1,A,non_metal,99414,99414
5TD6_1,A,non_metal,80741,80741
4IC4_1,A,non_metal,30287,30287
1PNO_1,A,non_metal,11659,11659
6AT7_1,A,non_metal,1591,1591
4XPU_1,A,non_metal,3728,3728
3S4M_1,A,non_metal,7256,7256
8ZYS_1,A,non_metal,53638,53638
7BVV_1,A,non_metal,17504,17504
4RL1_1,A,non_metal,6976,6976
5H8A_1,A,non_metal,18945,18945
6SBS_1,A,non_metal,247914,247914
5K79_1,A,non_metal,7505,7505
3R6G_1,A,non_metal,25732,25732
1EXB_2,A,non_metal,94422,94422
4K6J_1,A,non_metal,25146,25146
2D4G_1,A,non_metal,4926,4926
4RFQ_1,A,non_metal,36286,36286
5HZ2_1,A,non_metal,12460,12460
1PAQ_1,A,non_metal,2755,2755
6U83_1,A,non_metal,225317,225317
1YOZ_1,A,non_metal,87390,87390
3ANW_2,A,non_metal,264117,264117
9XKT_1,A,non_metal,27396,27396
1B7G_1,A,non_metal,3756,3756
1ZUP_1,A,non_metal,140200,140200
6KBM_1,A,non_metal,7633,7633
1U5G_1,A,non_metal,10076,10076
3ISY_1,A,non_metal,76431,76431
3NHM_1,A,non_metal,35327,35327
4DCZ_1,A,non_metal,59669,59669
4PGO_1,A,non_metal,66695,66695
5NV4_1,A,non_metal,7881,7881
1YAT_1,A,non_metal,3957,3957
3FVE_1,A,non_metal,6096,6096
5YET_1,A,non_metal,102037,102037
1O80_1,A,non_metal,11400,11400
5Z6Z_1,A,non_metal,9405,9405
3P8R_1,A,non_metal,6837,6837
3FAC_1,A,non_metal,58073,58073
3WE9_1,A,non_metal,86078,86078
2A0J_1,A,non_metal,7257,7257
1AWC_3,A,non_metal,26901,26901
1PZ4_1,A,non_metal,59422,59422
6ST0_1,A,non_metal,21781,21781
1LL7_1,A,non_metal,6746,6746
29VJ_1,A,non_metal,2589,2589
7R5A_1,A,non_metal,73402,73402
3C3K_1,A,non_metal,102142,102142
2CWZ_1,A,non_metal,12535,12535
3T5S_1,A,non_metal,110362,110362
7CBD_1,A,non_metal,19190,19190
2A5S_1,A,non_metal,2749,2749
3C49_1,A,non_metal,9689,9689
4CBJ_1,A,non_metal,167031,167031
1MIJ_1,A,non_metal,44416,44416
1C02_1,A,non_metal,19184,19184
5QU4_1,A,non_metal,17080,17080
1WRU_1,A,non_metal,69051,69051
7WA9_1,A,non_metal,20381,20381
8DAZ_1,A,non_metal,23103,23103
4W4R_1,A,non_metal,33275,33275
3M4U_1,A,non_metal,43443,43443
3ONQ_1,A,non_metal,212441,212441
6CW0_1,A,non_metal,73021,73021
2EWR_1,A,non_metal,69181,69181
1YK3_1,A,non_metal,35106,35106
8D58_2,A,non_metal,14000,14000
3PZ7_1,A,non_metal,29851,29851
3AFL_1,A,non_metal,80892,80892
2R9Y_1,A,non_metal,30779,30779
5YRZ_2,A,non_metal,94305,94305
7LJP_1,A,non_metal,559,559
5VE8_1,A,non_metal,32160,32160
1EFV_2,A,non_metal,3118,3118
2C9O_1,A,non_metal,973,973
8S6L_1,A,non_metal,67880,67880
2WD5_1,A,non_metal,4769,4769
9NXM_1,A,non_metal,22250,22250
1VKC_1,A,non_metal,188867,188867
3V8X_1,A,non_metal,11705,11705
1IPK_1,A,non_metal,4904,4904
7W2Q_1,A,non_metal,25815,25815
5M6Q_1,A,non_metal,268095,268095
5CB3_1,A,non_metal,9492,9492
3PR8_1,A,non_metal,25801,25801
6N85_1,A,non_metal,7194,7194
3V8U_1,A,non_metal,11684,11684
3FNJ_1,A,non_metal,62823,62823
2DPS_1,A,non_metal,940,940
4NN3_1,A,non_metal,6988,6988
5XRW_2,A,non_metal,63864,63864
3AX2_1,A,non_metal,1978,1978
5F1S_1,A,non_metal,94368,94368
3O7O_1,A,non_metal,11823,11823
4YNZ_1,A,non_metal,13020,13020
3WYZ_1,A,non_metal,22431,22431
3CXG_1,A,non_metal,87274,87274
6MGN_1,A,non_metal,6302,6302
1VQW_1,A,non_metal,17102,17102
8I80_1,A,non_metal,15528,15528
6TGS_1,A,non_metal,21392,21392
6J6A_1,A,non_metal,152838,152838
4A9A_1,A,non_metal,10344,10344
5NR1_1,A,non_metal,34304,34304
9QBX_1,A,non_metal,76475,76475
9J0U_1,A,non_metal,95493,95493
4FQN_1,A,non_metal,13691,13691
8J2N_1,A,non_metal,18568,18568
6EHI_1,A,non_metal,85691,85691
5SZG_1,A,non_metal,8650,8650
3KDQ_1,A,non_metal,111759,111759
1Z85_1,A,non_metal,193258,193258
2Q82_1,A,non_metal,136625,136625
5V89_1,A,non_metal,9066,9066
2GRE_1,A,non_metal,40636,40636
1Q5O_1,A,non_metal,11204,11204
1YOX_1,A,non_metal,22112,22112
2YUT_1,A,non_metal,107423,107423
3P86_1,A,non_metal,12063,12063
4EQ5_1,A,non_metal,1875,1875
3R2P_1,A,non_metal,2519,2519
1W53_1,A,non_metal,35204,35204
6FTF_1,A,non_metal,25484,25484
6EJS_1,A,non_metal,25660,25660
8KG1_1,A,non_metal,15520,15520
6EUA_1,A,non_metal,10279,10279
3EUA_1,A,non_metal,13607,13607
6XKB_1,A,non_metal,36911,36911
1WN0_1,A,non_metal,8526,8526
3QF2_1,A,non_metal,51006,51006
3K9E_1,A,non_metal,37782,37782
4P98_1,A,non_metal,233404,233404
3FV6_1,A,non_metal,40700,40700
3ML4_1,A,non_metal,30177,30177
2QAC_1,A,non_metal,9718,9718
2R78_1,A,non_metal,268198,268198
3G3O_1,A,non_metal,16315,16315
4JLE_1,A,non_metal,93744,93744
4J6F_1,A,non_metal,106748,106748
1YZ4_1,A,non_metal,11415,11415
2O30_1,A,non_metal,168509,168509
5F0J_1,A,non_metal,3520,3520
7R0O_1,A,non_metal,19349,19349
9KAJ_1,A,non_metal,2328,2328
3LMO_1,A,non_metal,16337,16337
2G15_1,A,non_metal,1158,1158
7VYW_1,A,non_metal,44901,44901
5KYG_1,A,non_metal,11107,11107
3GNA_1,A,non_metal,88505,88505
5NB8_1,A,non_metal,6591,6591
4W9R_1,A,non_metal,133113,133113
6SMP_1,A,non_metal,39961,39961
8KEL_1,A,non_metal,73659,73659
4KMO_1,A,non_metal,7230,7230
2AU1_1,A,non_metal,30109,30109
8ILZ_1,A,non_metal,16515,16515
4CRH_1,A,non_metal,36467,36467
6C3B_1,A,non_metal,13016,13016
3QZ4_1,A,non_metal,53569,53569
3TX3_1,A,non_metal,3886,3886
3K1Z_1,A,non_metal,17397,17397
3PF0_1,A,non_metal,254902,254902
3BNW_1,A,non_metal,24010,24010
8AK2_1,A,non_metal,53153,53153
2DX1_1,A,non_metal,25803,25803
9U7B_1,A,non_metal,54762,54762
4QMD_1,A,non_metal,26047,26047
1WCW_1,A,non_metal,26566,26566
6FF3_1,A,non_metal,47683,47683
5HOD_1,A,non_metal,93668,93668
2X5G_1,A,non_metal,62285,62285
4Y1L_2,A,non_metal,21937,21937
22ZT_1,A,non_metal,213440,213440
1BYD_1,A,non_metal,3975,3975
3OA7_1,A,non_metal,240022,240022
5U78_1,A,non_metal,6148,6148
4AVM_1,A,non_metal,31626,31626
4GGR_1,A,non_metal,67736,67736
2XQW_1,A,non_metal,8500,8500
7VRB_1,A,non_metal,89917,89917
3EAU_1,A,non_metal,5327,5327
3TDU_2,A,non_metal,1447,1447
3OY7_1,A,non_metal,78916,78916
4ZBO_1,A,non_metal,28576,28576
3BVP_1,A,non_metal,91698,91698
8K2I_1,A,non_metal,26418,26418
4B21_1,A,non_metal,16803,16803
5KZW_1,A,non_metal,8036,8036
2PV1_1,A,non_metal,2618,2618
4BHX_1,A,non_metal,8530,8530
1EO8_1,A,non_metal,109,109
5JEQ_1,A,non_metal,21320,21320
5IVA_2,A,non_metal,38248,38248
5C00_1,A,non_metal,87454,87454
6AF4_1,A,non_metal,59325,59325
5MPO_1,A,non_metal,16862,16862
1JL9_1,A,non_metal,7876,7876
2A0Z_1,A,non_metal,6913,6913
2GAX_1,A,non_metal,78639,78639
2Q87_1,A,non_metal,50139,50139
1PRY_1,A,non_metal,8335,8335
3GGY_1,A,non_metal,36852,36852
3N77_1,A,non_metal,4782,4782
3R4R_1,A,non_metal,85854,85854
7WJ7_1,A,non_metal,64507,64507
2A61_1,A,non_metal,43177,43177
7ZAL_1,A,non_metal,80899,80899
3CP3_1,A,non_metal,32393,32393
3D3R_1,A,non_metal,16531,16531
2OHW_1,A,non_metal,94294,94294
4UYI_1,A,non_metal,20347,20347
3MQ1_1,A,non_metal,15077,15077
8HL7_1,A,non_metal,18156,18156
4YXC_2,A,non_metal,9460,9460
1E94_2,A,non_metal,351,351
3OFH_1,A,non_metal,17298,17298
1IW2_1,A,non_metal,11257,11257
1KT0_1,A,non_metal,3233,3233
7CGK_1,A,non_metal,21404,21404
1Q5X_1,A,non_metal,958,958
1ICM_1,A,non_metal,8501,8501
3Q7K_1,A,non_metal,12580,12580
3CZP_1,A,non_metal,45137,45137
5DBO_1,A,non_metal,66981,66981
4TR4_1,A,non_metal,57825,57825
3TWK_1,A,non_metal,41495,41495
3EDM_1,A,non_metal,11283,11283
1HN9_1,A,non_metal,293,293
3QO4_1,A,non_metal,17430,17430
4QNI_1,A,non_metal,50757,50757
1AM5_1,A,non_metal,4092,4092
1V0E_1,A,non_metal,27725,27725
6M75_1,A,non_metal,11003,11003
1XVI_1,A,non_metal,4882,4882
2AVD_1,A,non_metal,21188,21188
6VCI_1,A,non_metal,10106,10106
10LG_1,A,non_metal,16940,16940
1KCG_2,A,non_metal,23736,23736
1MNM_3,A,non_metal,74098,74098
1A33_1,A,non_metal,28645,28645
1L2P_1,A,non_metal,515,515
8S8U_1,A,non_metal,1280,1280
1SWX_1,A,non_metal,4066,4066
3BPQ_2,A,non_metal,67928,67928
2WVO_1,A,non_metal,19027,19027
2PWQ_1,A,non_metal,14205,14205
4LH9_1,A,non_metal,13853,13853
2A8E_1,A,non_metal,3562,3562
6LKZ_1,A,non_metal,29236,29236
1ZRS_1,A,non_metal,42023,42023
5FMT_1,A,non_metal,59673,59673
2ZGI_1,A,non_metal,262833,262833
3REA_2,A,non_metal,22758,22758
1XM2_1,A,non_metal,3309,3309
4FD9_1,A,non_metal,41242,41242
9X5B_1,A,non_metal,16255,16255
1MJC_1,A,non_metal,2850,2850
2Q9Q_4,A,non_metal,11058,11058
3GV6_1,A,non_metal,21085,21085
3VMN_1,A,non_metal,46845,46845
3RD5_1,A,non_metal,5325,5325
3BII_1,A,non_metal,13166,13166
3FME_1,A,non_metal,7863,7863
4K2B_1,A,non_metal,23294,23294
5Y6F_1,A,non_metal,16091,16091
4GFX_1,A,non_metal,5795,5795
1LU4_1,A,non_metal,43812,43812
1VR8_1,A,non_metal,266403,266403
5WWL_2,A,non_metal,86003,86003
3MKR_2,A,non_metal,5158,5158
3BF0_1,A,non_metal,22128,22128
3GEK_1,A,non_metal,111772,111772
4AZF_1,A,non_metal,5321,5321
6BK6_1,A,non_metal,36435,36435
8DS8_1,A,non_metal,31452,31452
2Q2B_1,A,non_metal,14683,14683
6EWJ_1,A,non_metal,13633,13633
3NU7_1,A,non_metal,19085,19085
3LKK_1,A,non_metal,58384,58384
6CBU_1,A,non_metal,9263,9263
1U4C_1,A,non_metal,35924,35924
3AQO_1,A,non_metal,13008,13008
3K33_1,A,non_metal,32935,32935
5KO7_1,A,non_metal,10795,10795
5DM3_1,A,non_metal,15756,15756
5TGN_1,A,non_metal,151579,151579
9P4B_1,A,non_metal,4240,4240
2C5Q_1,A,non_metal,64153,64153
3NME_1,A,non_metal,25420,25420
5XNS_1,A,non_metal,20235,20235
3I71_1,A,non_metal,39058,39058
1O89_1,A,non_metal,11063,11063
4GMN_2,A,non_metal,27572,27572
5WBI_1,A,non_metal,3932,3932
4ZOZ_1,A,non_metal,23661,23661
5LTX_1,A,non_metal,10707,10707
8HKR_1,A,non_metal,45142,45142
3HFA_1,A,non_metal,2080,2080
4N3S_1,A,non_metal,27637,27637
1QWO_1,A,non_metal,7445,7445
2V2Z_1,A,non_metal,881,881
8US1_1,A,non_metal,4877,4877
6ZZK_1,A,non_metal,1950,1950
3DI3_2,A,non_metal,10437,10437
1EUV_2,A,non_metal,2194,2194
4PS6_1,A,non_metal,39367,39367
3HHC_1,A,non_metal,18082,18082
8RKZ_1,A,non_metal,42469,42469
1P3Q_1,A,non_metal,22565,22565
2YT4_1,A,non_metal,10869,10869
3UJ8_1,A,non_metal,10525,10525
4F7U_2,A,non_metal,1263,1263
2O0J_1,A,non_metal,29503,29503
1G6R_1,A,non_metal,830,830
1QWD_1,A,non_metal,8466,8466
1SZ7_1,A,non_metal,3320,3320
6AHY_2,A,non_metal,5387,5387
2AU5_1,A,non_metal,225649,225649
1MAI_1,A,non_metal,131593,131593
4M55_1,A,non_metal,12134,12134
6JBZ_1,A,non_metal,10903,10903
1R75_1,A,non_metal,36441,36441
2JAD_1,A,non_metal,86332,86332
3TR0_1,A,non_metal,2905,2905
6JV0_1,A,non_metal,8915,8915
3F75_2,A,non_metal,31224,31224
6ELD_1,A,non_metal,94426,94426
3ZID_1,A,non_metal,100546,100546
9CQI_1,A,non_metal,9661,9661
2QU7_1,A,non_metal,257062,257062
2OTD_1,A,non_metal,41499,41499
3A0S_1,A,non_metal,24186,24186
9ZMY_1,A,non_metal,16363,16363
6TUN_2,A,non_metal,2425,2425
2I2L_1,A,non_metal,100718,100718
2G3Y_1,A,non_metal,69980,69980
3ZH9_1,A,non_metal,59548,59548
4UZZ_2,A,non_metal,9950,9950
2FP3_1,A,non_metal,46480,46480
2QFJ_2,A,non_metal,7724,7724
3G85_1,A,non_metal,137120,137120
5NAA_1,A,non_metal,3055,3055
2FU0_1,A,non_metal,5757,5757
1RF4_1,A,non_metal,564,564
4D3H_1,A,non_metal,20573,20573
8CDA_1,A,non_metal,8009,8009
1HKF_1,A,non_metal,98616,98616
7ALM_1,A,non_metal,11588,11588
7TXW_3,A,non_metal,8788,8788
7OTS_1,A,non_metal,23604,23604
4F7U_6,A,non_metal,60530,60530
2BEI_1,A,non_metal,10097,10097
1Z5O_1,A,non_metal,708,708
3RST_1,A,non_metal,31753,31753
3HIA_1,A,non_metal,90646,90646
2JII_1,A,non_metal,5668,5668
4YHU_1,A,non_metal,19244,19244
4C4V_1,A,non_metal,938,938
3U2R_1,A,non_metal,200879,200879
4V0P_1,A,non_metal,5284,5284
1R5Z_1,A,non_metal,10003,10003
1R52_1,A,non_metal,294,294
4E2A_1,A,non_metal,21413,21413
2I9C_1,A,non_metal,137244,137244
1AYA_1,A,non_metal,1200,1200
3ZO0_1,A,non_metal,30864,30864
4QMF_1,A,non_metal,3142,3142
2FHP_1,A,non_metal,98003,98003
2F2G_1,A,non_metal,28312,28312
8ER5_1,A,non_metal,85559,85559
1ZK8_1,A,non_metal,37741,37741
3ZH7_1,A,non_metal,26520,26520
1ZCJ_1,A,non_metal,8774,8774
2DWK_1,A,non_metal,8974,8974
2FIM_1,A,non_metal,32940,32940
4O7P_1,A,non_metal,8449,8449
1GSH_1,A,non_metal,3691,3691
3NDC_1,A,non_metal,10193,10193
4EWC_1,A,non_metal,117037,117037
24IC_1,A,non_metal,5441,5441
6JEC_1,A,non_metal,112951,112951
2AB1_1,A,non_metal,29022,29022
2A72_1,A,non_metal,15775,15775
2F06_1,A,non_metal,170378,170378
4A5X_1,A,non_metal,9504,9504
7F4P_2,A,non_metal,11070,11070
4LJ1_1,A,non_metal,40811,40811
2OB5_1,A,non_metal,3265,3265
8ZN9_1,A,non_metal,33961,33961
1C4Z_2,A,non_metal,5272,5272
4DOX_1,A,non_metal,53396,53396
4N1D_1,A,non_metal,12332,12332
2Z63_1,A,non_metal,5453,5453
6PX4_1,A,non_metal,52506,52506
2CSM_1,A,non_metal,4912,4912
4WW5_2,A,non_metal,8786,8786
4PHQ_1,A,non_metal,15908,15908
2EB3_1,A,non_metal,521,521
3R84_2,A,non_metal,9711,9711
1OCT_3,A,non_metal,16776,16776
5LAD_1,A,non_metal,59481,59481
3D1B_1,A,non_metal,57528,57528
3AQX_1,A,non_metal,11721,11721
2E9X_2,A,non_metal,7486,7486
2Q32_1,A,non_metal,9769,9769
2XER_1,A,non_metal,22468,22468
6Y0H_1,A,non_metal,1485,1485
1UDW_1,A,non_metal,668,668
7C31_1,A,non_metal,38354,38354
5AWF_1,A,non_metal,8152,8152
3IHY_1,A,non_metal,2305,2305
8CKM_1,A,non_metal,14262,14262
3WMX_1,A,non_metal,3533,3533
8HPP_2,A,non_metal,56813,56813
2OJH_1,A,non_metal,95238,95238
3LLI_1,A,non_metal,9020,9020
9FP8_1,A,non_metal,5039,5039
2EQ8_1,A,non_metal,9328,9328
2RAS_1,A,non_metal,206771,206771
6NUM_1,A,non_metal,12949,12949
4PDP_1,A,non_metal,8954,8954
2QBU_1,A,non_metal,69498,69498
6LIX_1,A,non_metal,43041,43041
8PVQ_1,A,non_metal,14470,14470
3JUA_1,A,non_metal,1406,1406
5WSY_1,A,non_metal,18606,18606
3UC2_1,A,non_metal,88238,88238
7D8U_1,A,non_metal,73624,73624
1PDQ_1,A,non_metal,69225,69225
3HR0_1,A,non_metal,7147,7147
2EEY_1,A,non_metal,691,691
7VID_1,A,non_metal,5604,5604
1IUU_1,A,non_metal,4476,4476
1PLR_1,A,non_metal,3310,3310
2ZGC_1,A,non_metal,8581,8581
9R2Z_2,A,non_metal,101284,101284
1VD6_1,A,non_metal,84793,84793
2QNU_1,A,non_metal,63370,63370
2G3M_1,A,non_metal,16140,16140
7FDO_2,A,non_metal,24364,24364
3C0R_1,A,non_metal,5701,5701
1X6O_1,A,non_metal,19290,19290
5WGB_2,A,non_metal,6366,6366
3ZHE_2,A,non_metal,92051,92051
1XQR_1,A,non_metal,24856,24856
1BY9_1,A,non_metal,16845,16845
6L3F_1,A,non_metal,32782,32782
2QW7_1,A,non_metal,7727,7727
7SBE_1,A,non_metal,172702,172702
1H3O_2,A,non_metal,5209,5209
2CA1_1,A,non_metal,61352,61352
1N7F_1,A,non_metal,10506,10506
3P5J_2,A,non_metal,15043,15043
8Z9B_1,A,non_metal,37452,37452
9S6C_1,A,non_metal,98494,98494
4MZY_1,A,non_metal,26092,26092
2WOZ_1,A,non_metal,15289,15289
3K32_1,A,non_metal,86452,86452
3D72_1,A,non_metal,16606,16606
8TE5_1,A,non_metal,12164,12164
2IGT_1,A,non_metal,118722,118722
3DOH_1,A,non_metal,79723,79723
6XY6_3,A,non_metal,69725,69725
3RG1_2,A,non_metal,20868,20868
2D1P_3,A,non_metal,3044,3044
6XG7_1,A,non_metal,40732,40732
6FG7_1,A,non_metal,13216,13216
3BJO_1,A,non_metal,9309,9309
1K3R_1,A,non_metal,239578,239578
2Z0W_1,A,non_metal,13492,13492
2OMK_1,A,non_metal,78732,78732
1BDO_1,A,non_metal,7054,7054
6JUF_1,A,non_metal,72218,72218
4FAY_1,A,non_metal,27559,27559
4F0J_1,A,non_metal,91369,91369
3A4R_1,A,non_metal,23962,23962
2FML_1,A,non_metal,117658,117658
3L9D_1,A,non_metal,13994,13994
1SBZ_1,A,non_metal,3149,3149
2GS5_1,A,non_metal,5797,5797
1YLM_1,A,non_metal,68871,68871
3KBQ_1,A,non_metal,10460,10460
c12riboseqorf747,B,microprotein,,
c16riboseqorf442,B,microprotein,,
c2riboseqorf376,B,microprotein,,
c15riboseqorf69,B,microprotein,,
c14riboseqorf320,B,microprotein,,
c19riboseqorf1701,B,microprotein,,
c9riboseqorf942,B,microprotein,,
c13riboseqorf114,B,microprotein,,
c1riboseqorf179,B,microprotein,,
c6riboseqorf349,B,microprotein,,
c16riboseqorf774,B,microprotein,,
c4riboseqorf175,B,microprotein,,
c8riboseqorf425,B,microprotein,,
c2riboseqorf481,B,microprotein,,
c17riboseqorf353,B,microprotein,,
c7riboseqorf847,B,microprotein,,
c1riboseqorf981,B,microprotein,,
c2riboseqorf450,B,microprotein,,
cXriboseqorf835,B,microprotein,,
c16riboseqorf775,B,microprotein,,
c8riboseqorf682,B,microprotein,,
c16riboseqorf963,B,microprotein,,
c9riboseqorf616,B,microprotein,,
c19riboseqorf979,B,microprotein,,
c8riboseqorf195,B,microprotein,,
c3riboseqorf1342,B,microprotein,,
c1riboseqorf268,B,microprotein,,
c3riboseqorf144,B,microprotein,,
c3riboseqorf1474,B,microprotein,,
cXriboseqorf419,B,microprotein,,
c3riboseqorf246,B,microprotein,,
c1riboseqorf196,B,microprotein,,
c6riboseqorf632,B,microprotein,,
c2riboseqorf245,B,microprotein,,
c7riboseqorf1169,B,microprotein,,
c14riboseqorf314,B,microprotein,,
c13riboseqorf435,B,microprotein,,
c4riboseqorf832,B,microprotein,,
c8riboseqorf683,B,microprotein,,
c14riboseqorf491,B,microprotein,,
c2riboseqorf164,B,microprotein,,
c13riboseqorf496,B,microprotein,,
c17riboseqorf150,B,microprotein,,
c4riboseqorf1228,B,microprotein,,
c12riboseqorf372,B,microprotein,,
c2riboseqorf796,B,microprotein,,
c11riboseqorf33,B,microprotein,,
c19riboseqorf276,B,microprotein,,
c5riboseqorf266,B,microprotein,,
c1riboseqorf1171,B,microprotein,,
c3riboseqorf912,B,microprotein,,
c15riboseqorf735,B,microprotein,,
c8riboseqorf671,B,microprotein,,
c1riboseqorf868,B,microprotein,,
c16riboseqorf118,B,microprotein,,
c20riboseqorf157,B,microprotein,,
c13riboseqorf469,B,microprotein,,
c18riboseqorf64,B,microprotein,,
c10riboseqorf639,B,microprotein,,
c18riboseqorf12,B,microprotein,,
c10riboseqorf791,B,microprotein,,
c11riboseqorf722,B,microprotein,,
c22riboseqorf229,B,microprotein,,
c3riboseqorf300,B,microprotein,,
c11riboseqorf713,B,microprotein,,
c3riboseqorf986,B,microprotein,,
c16riboseqorf183,B,microprotein,,
c9riboseqorf787,B,microprotein,,
c11riboseqorf287,B,microprotein,,
c1riboseqorf1758,B,microprotein,,
c1riboseqorf692,B,microprotein,,
c19riboseqorf821,B,microprotein,,
c16riboseqorf374,B,microprotein,,
c2riboseqorf198,B,microprotein,,
c21riboseqorf43,B,microprotein,,
c5riboseqorf567,B,microprotein,,
c16riboseqorf163,B,microprotein,,
c19riboseqorf226,B,microprotein,,
c20riboseqorf605,B,microprotein,,
c1riboseqorf2803,B,microprotein,,
c2riboseqorf14,B,microprotein,,
c14riboseqorf906,B,microprotein,,
c9riboseqorf224,B,microprotein,,
c17riboseqorf1050,B,microprotein,,
c20riboseqorf655,B,microprotein,,
c7riboseqorf328,B,microprotein,,
c4riboseqorf232,B,microprotein,,
c2riboseqorf207,B,microprotein,,
c2riboseqorf703,B,microprotein,,
c6riboseqorf1138,B,microprotein,,
c14riboseqorf571,B,microprotein,,
c2riboseqorf929,B,microprotein,,
c12riboseqorf42,B,microprotein,,
c22riboseqorf580,B,microprotein,,
c10riboseqorf877,B,microprotein,,
c17riboseqorf131,B,microprotein,,
c11riboseqorf481,B,microprotein,,
c8riboseqorf128,B,microprotein,,
c1riboseqorf2727,B,microprotein,,
c4riboseqorf274,B,microprotein,,
c20riboseqorf38,B,microprotein,,
c8riboseqorf200,B,microprotein,,
c8riboseqorf972,B,microprotein,,
c8riboseqorf915,B,microprotein,,
c13riboseqorf393,B,microprotein,,
c19riboseqorf66,B,microprotein,,
c10riboseqorf601,B,microprotein,,
c14riboseqorf960,B,microprotein,,
cXriboseqorf752,B,microprotein,,
c16riboseqorf613,B,microprotein,,
c12riboseqorf359,B,microprotein,,
c12riboseqorf254,B,microprotein,,
c1riboseqorf550,B,microprotein,,
c21riboseqorf35,B,microprotein,,
c6riboseqorf709,B,microprotein,,
c9riboseqorf882,B,microprotein,,
c10riboseqorf1085,B,microprotein,,
c10riboseqorf181,B,microprotein,,
c11riboseqorf132,B,microprotein,,
c6riboseqorf137,B,microprotein,,
c1riboseqorf270,B,microprotein,,
c15riboseqorf650,B,microprotein,,
c15riboseqorf736,B,microprotein,,
c12riboseqorf504,B,microprotein,,
c17riboseqorf858,B,microprotein,,
c2riboseqorf1464,B,microprotein,,
c1riboseqorf1875,B,microprotein,,
c16riboseqorf280,B,microprotein,,
c6riboseqorf338,B,microprotein,,
c3riboseqorf778,B,microprotein,,
c14riboseqorf260,B,microprotein,,
c12riboseqorf1595,B,microprotein,,
c3riboseqorf302,B,microprotein,,
c7riboseqorf125,B,microprotein,,
c9riboseqorf55,B,microprotein,,
c21riboseqorf196,B,microprotein,,
c13riboseqorf232,B,microprotein,,
c8riboseqorf94,B,microprotein,,
c8riboseqorf567,B,microprotein,,
c9riboseqorf1034,B,microprotein,,
c8riboseqorf427,B,microprotein,,
c1riboseqorf2867,B,microprotein,,
c11riboseqorf209,B,microprotein,,
c14riboseqorf1012,B,microprotein,,
c2riboseqorf1235,B,microprotein,,
c6riboseqorf631,B,microprotein,,
c5riboseqorf1296,B,microprotein,,
c19riboseqorf1369,B,microprotein,,
c10riboseqorf86,B,microprotein,,
c14riboseqorf472,B,microprotein,,
cXriboseqorf672,B,microprotein,,
c6riboseqorf1344,B,microprotein,,
c4riboseqorf235,B,microprotein,,
c10riboseqorf1075,B,microprotein,,
c16riboseqorf177,B,microprotein,,
c2riboseqorf1667,B,microprotein,,
c1riboseqorf2650,B,microprotein,,
c16riboseqorf486,B,microprotein,,
c1riboseqorf2721,B,microprotein,,
c9riboseqorf633,B,microprotein,,
c7riboseqorf381,B,microprotein,,
c1riboseqorf538,B,microprotein,,
c1riboseqorf402,B,microprotein,,
c12riboseqorf301,B,microprotein,,
c13riboseqorf6,B,microprotein,,
c2riboseqorf1805,B,microprotein,,
c17riboseqorf1113,B,microprotein,,
c15riboseqorf647,B,microprotein,,
c6riboseqorf1065,B,microprotein,,
c1riboseqorf1600,B,microprotein,,
c13riboseqorf65,B,microprotein,,
c17riboseqorf1461,B,microprotein,,
c10riboseqorf1009,B,microprotein,,
c19riboseqorf393,B,microprotein,,
c17riboseqorf100,B,microprotein,,
c2riboseqorf62,B,microprotein,,
c22riboseqorf88,B,microprotein,,
c11riboseqorf1269,B,microprotein,,
c11riboseqorf94,B,microprotein,,
c11riboseqorf334,B,microprotein,,
c12riboseqorf660,B,microprotein,,
c1riboseqorf989,B,microprotein,,
c1riboseqorf1332,B,microprotein,,
c2riboseqorf310,B,microprotein,,
c10riboseqorf318,B,microprotein,,
c17riboseqorf412,B,microprotein,,
c3riboseqorf703,B,microprotein,,
c9riboseqorf416,B,microprotein,,
c22riboseqorf339,B,microprotein,,
c4riboseqorf1000,B,microprotein,,
c19riboseqorf1566,B,microprotein,,
c11riboseqorf1268,B,microprotein,,
c8riboseqorf369,B,microprotein,,
c3riboseqorf903,B,microprotein,,
c17riboseqorf668,B,microprotein,,
c14riboseqorf118,B,microprotein,,
c12riboseqorf829,B,microprotein,,
c7riboseqorf1296,B,microprotein,,
c11riboseqorf1543,B,microprotein,,
c8riboseqorf1125,B,microprotein,,
c17riboseqorf902,B,microprotein,,
c10riboseqorf354,B,microprotein,,
c12riboseqorf388,B,microprotein,,
c5riboseqorf1297,B,microprotein,,
c1riboseqorf2519,B,microprotein,,
c6riboseqorf367,B,microprotein,,
c2riboseqorf203,B,microprotein,,
c14riboseqorf202,B,microprotein,,
c8riboseqorf76,B,microprotein,,
c18riboseqorf231,B,microprotein,,
c5riboseqorf144,B,microprotein,,
c5riboseqorf591,B,microprotein,,
cXriboseqorf677,B,microprotein,,
c3riboseqorf260,B,microprotein,,
c5riboseqorf76,B,microprotein,,
c2riboseqorf1352,B,microprotein,,
c5riboseqorf731,B,microprotein,,
c15riboseqorf885,B,microprotein,,
c18riboseqorf72,B,microprotein,,
c16riboseqorf246,B,microprotein,,
c17riboseqorf1478,B,microprotein,,
c14riboseqorf214,B,microprotein,,
c18riboseqorf273,B,microprotein,,
c19riboseqorf363,B,microprotein,,
c20riboseqorf96,B,microprotein,,
c7riboseqorf722,B,microprotein,,
c18riboseqorf435,B,microprotein,,
c11riboseqorf52,B,microprotein,,
c1riboseqorf96,B,microprotein,,
c13riboseqorf90,B,microprotein,,
c22riboseqorf137,B,microprotein,,
c1riboseqorf422,B,microprotein,,
c19riboseqorf23,B,microprotein,,
c11riboseqorf1024,B,microprotein,,
c7riboseqorf170,B,microprotein,,
c17riboseqorf528,B,microprotein,,
c1riboseqorf840,B,microprotein,,
c11riboseqorf414,B,microprotein,,
c22riboseqorf27,B,microprotein,,
c21riboseqorf216,B,microprotein,,
c14riboseqorf169,B,microprotein,,
c19riboseqorf1655,B,microprotein,,
c8riboseqorf817,B,microprotein,,
c2riboseqorf29,B,microprotein,,
c12riboseqorf1086,B,microprotein,,
c6riboseqorf84,B,microprotein,,
c7riboseqorf217,B,microprotein,,
c16riboseqorf129,B,microprotein,,
c10riboseqorf119,B,microprotein,,
c4riboseqorf34,B,microprotein,,
c20riboseqorf93,B,microprotein,,
c11riboseqorf614,B,microprotein,,
c14riboseqorf931,B,microprotein,,
c7riboseqorf322,B,microprotein,,
c9riboseqorf254,B,microprotein,,
c7riboseqorf425,B,microprotein,,
c3riboseqorf1394,B,microprotein,,
c8riboseqorf996,B,microprotein,,
c1riboseqorf1842,B,microprotein,,
c9riboseqorf306,B,microprotein,,
c2riboseqorf1355,B,microprotein,,
c5riboseqorf535,B,microprotein,,
c1riboseqorf107,B,microprotein,,
c5riboseqorf1130,B,microprotein,,
c1riboseqorf1686,B,microprotein,,
c6riboseqorf363,B,microprotein,,
c5riboseqorf954,B,microprotein,,
c10riboseqorf228,B,microprotein,,
c16riboseqorf402,B,microprotein,,
c3riboseqorf1020,B,microprotein,,
c3riboseqorf58,B,microprotein,,
c14riboseqorf51,B,microprotein,,
c1riboseqorf1120,B,microprotein,,
c15riboseqorf324,B,microprotein,,
c5riboseqorf1178,B,microprotein,,
cXriboseqorf201,B,microprotein,,
c9riboseqorf749,B,microprotein,,
c16riboseqorf756,B,microprotein,,
c19riboseqorf87,B,microprotein,,
c12riboseqorf694,B,microprotein,,
c7riboseqorf136,B,microprotein,,
c11riboseqorf730,B,microprotein,,
c18riboseqorf45,B,microprotein,,
c12riboseqorf1142,B,microprotein,,
c14riboseqorf908,B,microprotein,,
c12riboseqorf1579,B,microprotein,,
c11riboseqorf226,B,microprotein,,
c14riboseqorf1,B,microprotein,,
c3riboseqorf956,B,microprotein,,
c6riboseqorf403,B,microprotein,,
c12riboseqorf1062,B,microprotein,,
c1riboseqorf208,B,microprotein,,
c7riboseqorf1365,B,microprotein,,
c19riboseqorf120,B,microprotein,,
c8riboseqorf296,B,microprotein,,
c17riboseqorf67,B,microprotein,,
c4riboseqorf621,B,microprotein,,
c16riboseqorf551,B,microprotein,,
c3riboseqorf638,B,microprotein,,
P0DUH7,B,size_matched_short,,
Q8WZA8,B,size_matched_short,,
P0DN84,B,size_matched_short,,
O00631,B,size_matched_short,,
C0HLV8,B,size_matched_short,,
Q14602,B,size_matched_short,,
Q9NRI6,B,size_matched_short,,
P0DPQ6,B,size_matched_short,,
P0C6T2,B,size_matched_short,,
Q6NVV0,B,size_matched_short,,
A0A3G1DJQ2,B,size_matched_short,,
P0C5K6,B,size_matched_short,,
Q86Y28,B,size_matched_short,,
Q6NUR6,B,size_matched_short,,
E0CX11,B,size_matched_short,,
P0CG34,B,size_matched_short,,
Q13072,B,size_matched_short,,
Q05BU3,B,size_matched_short,,
Q9P1C3,B,size_matched_short,,
Q86Y27,B,size_matched_short,,
P63313,B,size_matched_short,,
A0A1B0GTB2,B,size_matched_short,,
C0HLU2,B,size_matched_short,,
P62328,B,size_matched_short,,
Q3LI60,B,size_matched_short,,
Q9BTK2,B,size_matched_short,,
Q3LI62,B,size_matched_short,,
Q8IVK1,B,size_matched_short,,
P0DMW2,B,size_matched_short,,
Q9UHU1,B,size_matched_short,,
Q3LI68,B,size_matched_short,,
Q96IR3,B,size_matched_short,,
Q9BZS9,B,size_matched_short,,
P0C841,B,size_matched_short,,
A0A0A0MT76,B,size_matched_short,,
P0DW81,B,size_matched_short,,
P0DMT0,B,size_matched_short,,
O14604,B,size_matched_short,,
Q3MIV0,B,size_matched_short,,
O97980,B,size_matched_short,,
P0CW21,B,size_matched_short,,
Q538Z0,B,size_matched_short,,
Q9NRQ5,B,size_matched_short,,
Q00LT1,B,size_matched_short,,
A0A0U1RRN3,B,size_matched_short,,
P62891,B,size_matched_short,,
P56381,B,size_matched_short,,
A2JGV3,B,size_matched_short,,
Q8N4H5,B,size_matched_short,,
Q9P0U1,B,size_matched_short,,
Q96EH5,B,size_matched_short,,
Q8NCU8,B,size_matched_short,,
A0A1B0GVM5,B,size_matched_short,,
Q13794,B,size_matched_short,,
Q96IX5,B,size_matched_short,,
P84101,B,size_matched_short,,
A0A7L8Y648,B,size_matched_short,,
Q96KF2,B,size_matched_short,,
P04553,B,size_matched_short,,
P0DPP9,B,size_matched_short,,
Q59GN2,B,size_matched_short,,
O75438,B,size_matched_short,,
A0A1B0GUW7,B,size_matched_short,,
P0DMC3,B,size_matched_short,,
Q3LI63,B,size_matched_short,,
Q86SY8,B,size_matched_short,,
Q9BWJ2,B,size_matched_short,,
Q96IT6,B,size_matched_short,,
A6NJ69,B,size_matched_short,,
Q9BZ97,B,size_matched_short,,
P0C7T4,B,size_matched_short,,
Q3LHN1,B,size_matched_short,,
A0A1B0GTU2,B,size_matched_short,,
Q3LI70,B,size_matched_short,,
P0DQW1,B,size_matched_short,,
A0A286YFK9,B,size_matched_short,,
A0A1B0GV90,B,size_matched_short,,
Q8TCZ7,B,size_matched_short,,
P56378,B,size_matched_short,,
O15225,B,size_matched_short,,
P58511,B,size_matched_short,,
Q8WXC6,B,size_matched_short,,
Q5SY13,B,size_matched_short,,
A6NKN8,B,size_matched_short,,
Q3LI54,B,size_matched_short,,
O14610,B,size_matched_short,,
Q4QY38,B,size_matched_short,,
Q30KQ1,B,size_matched_short,,
Q96HZ7,B,size_matched_short,,
Q8WVX3,B,size_matched_short,,
A6NGU7,B,size_matched_short,,
Q30KQ9,B,size_matched_short,,
A0A0U1RRA0,B,size_matched_short,,
Q9UDW1,B,size_matched_short,,
P10176,B,size_matched_short,,
P56385,B,size_matched_short,,
P0DI80,B,size_matched_short,,
P15954,B,size_matched_short,,
Q16612,B,size_matched_short,,
P31358,B,size_matched_short,,
P0CW23,B,size_matched_short,,
A0A590UK83,B,size_matched_short,,
Q8N688,B,size_matched_short,,
P50151,B,size_matched_short,,
Q9Y5L5,B,size_matched_short,,
Q9UI25,B,size_matched_short,,
Q9NPE3,B,size_matched_short,,
Q8N6R1,B,size_matched_short,,
A0A0C4DGP1,B,size_matched_short,,
Q9BZA0,B,size_matched_short,,
Q9BZL3,B,size_matched_short,,
P0DJ07,B,size_matched_short,,
A8MXU0,B,size_matched_short,,
Q9UH64,B,size_matched_short,,
Q9HBF5,B,size_matched_short,,
Q13166,B,size_matched_short,,
Q9BS18,B,size_matched_short,,
A0A096LNP1,B,size_matched_short,,
Q9Y675,B,size_matched_short,,
Q3LI64,B,size_matched_short,,
A0A1B0GV22,B,size_matched_short,,
Q69YU5,B,size_matched_short,,
Q7Z4L0,B,size_matched_short,,
B2RUZ4,B,size_matched_short,,
Q9HC47,B,size_matched_short,,
Q8NES8,B,size_matched_short,,
Q96GX8,B,size_matched_short,,
B1AMM8,B,size_matched_short,,
Q8NFR3,B,size_matched_short,,
Q9NRR8,B,size_matched_short,,
P61024,B,size_matched_short,,
P59037,B,size_matched_short,,
Q8NG35,B,size_matched_short,,
A0A1B0GUV1,B,size_matched_short,,
O60756,B,size_matched_short,,
P81172,B,size_matched_short,,
A6NC62,B,size_matched_short,,
Q4G0N7,B,size_matched_short,,
P22528,B,size_matched_short,,
Q8TAF5,B,size_matched_short,,
Q9H3K6,B,size_matched_short,,
A0A1B0GUI7,B,size_matched_short,,
Q6UWT4,B,size_matched_short,,
O00483,B,size_matched_short,,
P55774,B,size_matched_short,,
P82921,B,size_matched_short,,
O75531,B,size_matched_short,,
A0A2R8Y7D0,B,size_matched_short,,
B3EWG3,B,size_matched_short,,
Q9P1F3,B,size_matched_short,,
A0A1B0GUC4,B,size_matched_short,,
P0C7L1,B,size_matched_short,,
A4D0Y5,B,size_matched_short,,
P0C8F1,B,size_matched_short,,
A0A1B0GWG4,B,size_matched_short,,
P0DP57,B,size_matched_short,,
Q96KT6,B,size_matched_short,,
Q6EEV6,B,size_matched_short,,
Q9Y258,B,size_matched_short,,
Q99731,B,size_matched_short,,
Q9H2U6,B,size_matched_short,,
Q96FQ7,B,size_matched_short,,
P80075,B,size_matched_short,,
P58550,B,size_matched_short,,
P03901,B,size_matched_short,,
O43676,B,size_matched_short,,
P08493,B,size_matched_short,,
A0A1B0GUA5,B,size_matched_short,,
Q9GZT3,B,size_matched_short,,
Q9P021,B,size_matched_short,,
Q96BM0,B,size_matched_short,,
A0A087WT01,B,size_matched_short,,
P27469,B,size_matched_short,,
Q96B45,B,size_matched_short,,
Q9BV40,B,size_matched_short,,
Q9BU68,B,size_matched_short,,
P61604,B,size_matched_short,,
P05114,B,size_matched_short,,
A0A087WT03,B,size_matched_short,,
O95164,B,size_matched_short,,
A0A075B6N1,B,size_matched_short,,
A0A0B4J271,B,size_matched_short,,
P51808,B,size_matched_short,,
A0A0C4DH43,B,size_matched_short,,
A0A0B4J272,B,size_matched_short,,
A0A1B0GXF2,B,size_matched_short,,
Q9BRA0,B,size_matched_short,,
Q96LL3,B,size_matched_short,,
P09912,B,size_matched_short,,
Q9H840,B,size_matched_short,,
Q8WZ26,B,size_matched_short,,
A6NFH5,B,size_matched_short,,
Q5TYM5,B,size_matched_short,,
Q96B42,B,size_matched_short,,
Q8N5K1,B,general_background,,
Q8TB40,B,general_background,,
Q9Y4H2,B,general_background,,
Q9H2H8,B,general_background,,
Q9NNZ3,B,general_background,,
P51685,B,general_background,,
P68400,B,general_background,,
P42345,B,general_background,,
P40238,B,general_background,,
Q9HAN9,B,general_background,,
Q9NX18,B,general_background,,
Q3MIP1,B,general_background,,
Q495N2,B,general_background,,
P52306,B,general_background,,
Q969E1,B,general_background,,
Q8WTQ7,B,general_background,,
Q9BV35,B,general_background,,
Q6IEE7,B,general_background,,
Q9UDW3,B,general_background,,
Q5JZY3,B,general_background,,
Q701N2,B,general_background,,
Q8WXA2,B,general_background,,
Q9NV66,B,general_background,,
Q96C00,B,general_background,,
Q96N03,B,general_background,,
P02538,B,general_background,,
Q9Y5E1,B,general_background,,
Q8WUJ3,B,general_background,,
P54296,B,general_background,,
Q9BV19,B,general_background,,
O95786,B,general_background,,
Q5D0E6,B,general_background,,
O43583,B,general_background,,
Q9BVW5,B,general_background,,
Q5VXU1,B,general_background,,
Q9NQS5,B,general_background,,
O00559,B,general_background,,
P43359,B,general_background,,
P06132,B,general_background,,
P12314,B,general_background,,
Q9NS69,B,general_background,,
O00142,B,general_background,,
Q9BYT3,B,general_background,,
O75800,B,general_background,,
P35499,B,general_background,,
Q9BTD1,B,general_background,,
A6NMB9,B,general_background,,
Q8IYJ3,B,general_background,,
Q8TBB1,B,general_background,,
Q63ZY6,B,general_background,,
P52849,B,general_background,,
A0A1B0GTD5,B,general_background,,
Q8NFA0,B,general_background,,
Q14687,B,general_background,,
P27708,B,general_background,,
Q9Y231,B,general_background,,
P35542,B,general_background,,
Q96KR7,B,general_background,,
Q9HC29,B,general_background,,
Q04844,B,general_background,,
Q96LA5,B,general_background,,
Q9UJU5,B,general_background,,
Q9Y283,B,general_background,,
P57078,B,general_background,,
Q9Y680,B,general_background,,
P56856,B,general_background,,
P0C7V7,B,general_background,,
Q96AJ1,B,general_background,,
P48200,B,general_background,,
Q32NC0,B,general_background,,
Q14119,B,general_background,,
Q9Y5F7,B,general_background,,
Q9BRJ9,B,general_background,,
Q9NPH3,B,general_background,,
Q9ULT0,B,general_background,,
Q96KS9,B,general_background,,
Q9NQ25,B,general_background,,
Q5T124,B,general_background,,
Q15269,B,general_background,,
Q9Y383,B,general_background,,
Q16674,B,general_background,,
O95405,B,general_background,,
Q9NPD8,B,general_background,,
O60831,B,general_background,,
Q6P2D0,B,general_background,,
P14410,B,general_background,,
Q14117,B,general_background,,
Q9BZW4,B,general_background,,
P01042,B,general_background,,
Q0JRZ9,B,general_background,,
Q6NYC1,B,general_background,,
Q9UBP8,B,general_background,,
Q8TEB9,B,general_background,,
A0A1B0GVH6,B,general_background,,
P15428,B,general_background,,
A0A0C4DH67,B,general_background,,
Q8NC69,B,general_background,,
Q9BUE0,B,general_background,,
Q9P2P5,B,general_background,,
P04435,B,general_background,,
O95954,B,general_background,,
A6NF89,B,general_background,,
Q8N2X6,B,general_background,,
Q9UNW1,B,general_background,,
A8MXQ7,B,general_background,,
O43692,B,general_background,,
Q96BH3,B,general_background,,
Q7Z7M0,B,general_background,,
Q6Y2X3,B,general_background,,
Q5BJH2,B,general_background,,
Q96QE5,B,general_background,,
Q8IVT5,B,general_background,,
O75908,B,general_background,,
O76083,B,general_background,,
O95807,B,general_background,,
Q00889,B,general_background,,
Q9BRT3,B,general_background,,
A6NNM8,B,general_background,,
Q8NHH9,B,general_background,,
O00203,B,general_background,,
P52790,B,general_background,,
P04554,B,general_background,,
Q9ULW6,B,general_background,,
Q5T890,B,general_background,,
Q9BXQ6,B,general_background,,
Q9NTJ3,B,general_background,,
Q8NHW6,B,general_background,,
Q5T4D3,B,general_background,,
O00534,B,general_background,,
Q14957,B,general_background,,
Q96S82,B,general_background,,
Q9BR11,B,general_background,,
P25024,B,general_background,,
Q96AQ1,B,general_background,,
P14921,B,general_background,,
Q96CK0,B,general_background,,
Q96F45,B,general_background,,
Q5W0A0,B,general_background,,
O75437,B,general_background,,
Q96GV9,B,general_background,,
Q86SX6,B,general_background,,
O60232,B,general_background,,
O43869,B,general_background,,
O94779,B,general_background,,
Q14565,B,general_background,,
Q9H0R1,B,general_background,,
P11498,B,general_background,,
Q3KRB8,B,general_background,,
P0CG24,B,general_background,,
Q99895,B,general_background,,
Q14185,B,general_background,,
Q16270,B,general_background,,
Q7Z408,B,general_background,,
Q8WVM8,B,general_background,,
Q92997,B,general_background,,
A6NIR3,B,general_background,,
Q9HCD5,B,general_background,,
Q7Z7K6,B,general_background,,
Q8N2H3,B,general_background,,
Q99687,B,general_background,,
Q6UXG8,B,general_background,,
O94806,B,general_background,,
Q8WZA2,B,general_background,,
Q8NGD4,B,general_background,,
P09086,B,general_background,,
O00453,B,general_background,,
P36915,B,general_background,,
Q9BU23,B,general_background,,
Q9Y2W3,B,general_background,,
O95182,B,general_background,,
Q9UBB9,B,general_background,,
Q96RV3,B,general_background,,
P22532,B,general_background,,
Q9Y3D8,B,general_background,,
P36543,B,general_background,,
P12429,B,general_background,,
Q6WN34,B,general_background,,
P22670,B,general_background,,
P62263,B,general_background,,
Q9UBT2,B,general_background,,
Q53FA7,B,general_background,,
Q9Y3Q3,B,general_background,,
A0A1W2PP97,B,general_background,,
P10147,B,general_background,,
Q9ULL4,B,general_background,,
Q8WW18,B,general_background,,
Q9NRX5,B,general_background,,
O75554,B,general_background,,
Q13325,B,general_background,,
Q7RTY1,B,general_background,,
Q96A73,B,general_background,,
Q5T0N1,B,general_background,,
P47870,B,general_background,,
Q8N612,B,general_background,,
Q9BTF0,B,general_background,,
Q96CX3,B,general_background,,
Q9Y264,B,general_background,,
P29017,B,general_background,,
Q8NH76,B,general_background,,
Q8ND83,B,general_background,,
Q9NQ32,B,general_background,,
Q6ZNR0,B,general_background,,
Q15937,B,general_background,,
Q8TDX6,B,general_background,,
Q9Y4C1,B,general_background,,
A0A5B0,B,general_background,,
Q8NDY4,B,general_background,,
P57723,B,general_background,,
Q5YKI7,B,general_background,,
Q86XE3,B,general_background,,
Q8IZU1,B,general_background,,
Q6N021,B,general_background,,
O15042,B,general_background,,
P36969,B,general_background,,
H0Y354,B,general_background,,
P22694,B,general_background,,
Q08999,B,general_background,,
Q9UBX7,B,general_background,,
Q7LBC6,B,general_background,,
Q5K4L6,B,general_background,,
Q8NCC5,B,general_background,,
O00144,B,general_background,,
Q5VXM1,B,general_background,,
A5PLN7,B,general_background,,
Q9UM19,B,general_background,,
O95402,B,general_background,,
P41218,B,general_background,,
Q9HCD6,B,general_background,,
Q8IZT8,B,general_background,,
P36578,B,general_background,,
Q9BVM2,B,general_background,,
Q9BXU9,B,general_background,,
Q6EIG7,B,general_background,,
Q8N0Y3,B,general_background,,
Q8N9W6,B,general_background,,
Q5T6S3,B,general_background,,
Q6UXK2,B,general_background,,
P05111,B,general_background,,
A6NNM3,B,general_background,,
Q92583,B,general_background,,
Q96IV6,B,general_background,,
Q6P1K2,B,general_background,,
Q9H3J6,B,general_background,,
Q8IV13,B,general_background,,
Q8NEH6,B,general_background,,
C0HMG9,B,general_background,,
Q07955,B,general_background,,
P51606,B,general_background,,
O14936,B,general_background,,
Q8NGJ0,B,general_background,,
Q9ULK2,B,general_background,,
Q96JA1,B,general_background,,
Q9GZZ8,B,general_background,,
P0C7V8,B,general_background,,
O43556,B,general_background,,
P48539,B,general_background,,
Q9NSB8,B,general_background,,
P62875,B,general_background,,
Q12967,B,general_background,,
A0A0B4J1V7,B,general_background,,
P0DPK4,B,general_background,,
P50583,B,general_background,,
Q1RMZ1,B,general_background,,
Q9GZP1,B,general_background,,
Q9NZH4,B,general_background,,
Q6PCB8,B,general_background,,
P49588,B,general_background,,
Q6P1M0,B,general_background,,
Q9HCC8,B,general_background,,
Q9BUN5,B,general_background,,
Q9BVR0,B,general_background,,
P49682,B,general_background,,
Q9H501,B,general_background,,
P29376,B,general_background,,
P13985,B,general_background,,
O43623,B,general_background,,
P0DY57,B,general_background,,
Q68CR7,B,general_background,,
Q9BXS6,B,general_background,,
Q8WZ84,B,general_background,,
O75363,B,general_background,,
Q92730,B,general_background,,
O14633,B,general_background,,
Q5T0N5,B,general_background,,
Q8NGX6,B,general_background,,
Q00G26,B,general_background,,
Q9BQY9,B,general_background,,
Q8IYK8,B,general_background,,
Q8IYN0,B,general_background,,
Q969N4,B,general_background,,
P10966,B,general_background,,
Q86VW0,B,general_background,,
P51648,B,general_background,,
Q8NBP0,B,general_background,,
Q9NXB0,B,general_background,,
Q14679,B,general_background,,
Q96AV8,B,general_background,,
Q8TAP8,B,general_background,,
Q9HC23,B,general_background,,
P01814,B,general_background,,
Q30KQ6,B,general_background,,
Q96A11,B,general_background,,
Q7RTX0,B,general_background,,
Q99613,B,general_background,,
Q9Y462,B,general_background,,
Q5VZM2,B,general_background,,
Q86WI1,B,general_background,,
Q99706,B,general_background,,
Q00535,B,general_background,,
Q8WY91,B,general_background,,
O15078,B,general_background,,
Q9BWT1,B,general_background,,
A0A1B0GVK7,B,general_background,,
Q6UWN8,B,general_background,,
P01563,B,general_background,,
P60953,B,general_background,,
Q9BUL9,B,general_background,,
O43157,B,general_background,,
P02776,B,general_background,,
O43482,B,general_background,,
Q6XZB0,B,general_background,,
O94842,B,general_background,,
O14613,B,general_background,,
Q5VZE5,B,general_background,,
Q96I27,B,general_background,,
P06239,B,general_background,,
P04040,B,general_background,,
Q99766,B,general_background,,
Q9UK59,B,general_background,,
P50851,B,general_background,,
Q5H9R7,B,general_background,,
Q9Y6M5,B,general_background,,
Q9Y282,B,general_background,,
P53803,B,general_background,,
Q9BXK5,B,general_background,,
Q92979,B,general_background,,
Q12980,B,general_background,,
Q96JN2,B,general_background,,
Q9P0V3,B,general_background,,
Q9HB90,B,general_background,,
Q9P1Z0,B,general_background,,
Q8IUC3,B,general_background,,
Q5SRH9,B,general_background,,
Q494W8,B,general_background,,
P59535,B,general_background,,
O75884,B,general_background,,
Q9BWD3,B,general_background,,
P41595,B,general_background,,
Q9P109,B,general_background,,
Q9NQA5,B,general_background,,
Q07912,B,general_background,,
A6NFX1,B,general_background,,
Q9NQX6,B,general_background,,
P51798,B,general_background,,
A0A599,B,general_background,,
P57088,B,general_background,,
P11274,B,general_background,,
Q96KP6,B,general_background,,
Q6QNK2,B,general_background,,
Q12923,B,general_background,,
Q76FK4,B,general_background,,
Q05516,B,general_background,,
Q96L03,B,general_background,,
Q04900,B,general_background,,
P10809,B,general_background,,
Q9ULQ0,B,general_background,,
Q6UXR6,B,general_background,,
P26010,B,general_background,,
Q96M85,B,general_background,,
O95918,B,general_background,,
P60022,B,general_background,,
H3BNL1,B,general_background,,
Q8N309,B,general_background,,
O75618,B,general_background,,
Q7Z5B4,B,general_background,,
Q96SY0,B,general_background,,
Q9H694,B,general_background,,
O43772,B,general_background,,
O75190,B,general_background,,
Q9BZI1,B,general_background,,
P17081,B,general_background,,
Q9BXP8,B,general_background,,
Q8TBE3,B,general_background,,
P60568,B,general_background,,
P01782,B,general_background,,
Q6PIF6,B,general_background,,
Q9Y651,B,general_background,,
Q9BW92,B,general_background,,
Q00532,B,general_background,,
Q9NYX4,B,general_background,,
Q96QU8,B,general_background,,
Q8IYB7,B,general_background,,
Q96M69,B,general_background,,
Q9NR81,B,general_background,,
O14862,B,general_background,,
Q92882,B,general_background,,
Q2TV78,B,general_background,,
Q8NFH4,B,general_background,,
Q8NEG7,B,general_background,,
Q587J7,B,general_background,,
O75072,B,general_background,,
Q4VXA5,B,general_background,,
Q9UJ72,B,general_background,,
Q8NGE2,B,general_background,,
Q86YF9,B,general_background,,
O75439,B,general_background,,
O75635,B,general_background,,
Q9NS64,B,general_background,,
P39877,B,general_background,,
Q9NYI0,B,general_background,,
Q99988,B,general_background,,
Q9BYC2,B,general_background,,
O95600,B,general_background,,
O15481,B,general_background,,
Q8N0Y2,B,general_background,,
O60938,B,general_background,,
Q7Z6R9,B,general_background,,
C0HLS1,B,general_background,,
Q8NHH1,B,general_background,,
Q2M1Z3,B,general_background,,
Q15032,B,general_background,,
A6NFI3,B,general_background,,
Q96SZ4,B,general_background,,
Q9HCX4,B,general_background,,
Q7Z3H4,B,general_background,,
Q32P44,B,general_background,,
P35443,B,general_background,,
Q9GZP8,B,general_background,,
Q96K80,B,general_background,,
Q6ZN66,B,general_background,,
P0CJ85,B,general_background,,
Q5H9M0,B,general_background,,
Q9BUL5,B,general_background,,
Q00610,B,general_background,,
P61960,B,general_background,,
Q96L96,B,general_background,,
O00443,B,general_background,,
P0C671,B,general_background,,
O95619,B,general_background,,
Q9BX51,B,general_background,,
P63167,B,general_background,,
Q99733,B,general_background,,
Q9BZP6,B,general_background,,
Q8TAC9,B,general_background,,
Q8TC07,B,general_background,,
Q96F85,B,general_background,,
Q9BRQ4,B,general_background,,
Q9NYG2,B,general_background,,
Q8IU53,B,general_background,,
Q9UPA5,B,general_background,,
Q06547,B,general_background,,
A1L0T0,B,general_background,,
P52907,B,general_background,,
Q9NU23,B,general_background,,
O76070,B,general_background,,
Q9Y4C5,B,general_background,,
P43681,B,general_background,,
Q99435,B,general_background,,
O00463,B,general_background,,
Q8IW93,B,general_background,,
Q86UU0,B,general_background,,
Q14168,B,general_background,,
P08218,B,general_background,,
Q8N8C0,B,general_background,,
Q9UKM7,B,general_background,,
Q8N5P1,B,general_background,,
Q0WX57,B,general_background,,
Q16517,B,general_background,,
Q06432,B,general_background,,
P04259,B,general_background,,
P78314,B,general_background,,
A6NMD0,B,general_background,,
P30613,B,general_background,,
Q9UHR6,B,general_background,,
Q7Z5Y7,B,general_background,,
Q8NH21,B,general_background,,
Q9Y257,B,general_background,,
Q8IVQ6,B,general_background,,
Q92925,B,general_background,,
Q8NCN4,B,general_background,,
O14746,B,general_background,,
Q9UMR2,B,general_background,,
Q8N7B6,B,general_background,,
Q86V40,B,general_background,,
Q6NT04,B,general_background,,
P58170,B,general_background,,
Q8NGR1,B,general_background,,
Q96BV0,B,general_background,,
Q99542,B,general_background,,
Q14542,B,general_background,,
Q9UPR5,B,general_background,,
P53673,B,general_background,,
E9PQX1,B,general_background,,
